block,leaf,field,n_experiments,min_dscore,max_dscore,mean_abs_dscore,max_abs_dscore,status,manual_override,crosscheck_tested,crosscheck_peak_abs_dscore,crosscheck_verdict
Glu_mGluR_2,ePKA+RG,Km,21,-0.0,0.0,0.0,0.0,dead,confirmed_dead,Receptors_MAPK/Receptors_S6K/Receptors_protein,0.061458,alive_elsewhere
DHPG_mGluR_1,ePKA+DHPGRG,Km,5,-0.0,0.0,0.0,0.0,dead,confirmed_dead,,,
DHPG_mGluR_1,ePKC+DHPGRpS870G,Km,5,-0.0,0.0,0.0,0.0,dead,confirmed_dead,,,
CaM,CaMCa3+Ca,tau,6,-0.0,0.0,0.0,0.0,dead,,,,
CaM,CaM+Ca,tau,6,-0.0,0.0,0.0,0.0,dead,,,,
CaM,CaMCa2+Ca,tau,6,0.0,0.0,0.0,0.0,dead,,,,
CaM,CaMCa+Ca,tau,6,-0.0,0.0,0.0,0.0,dead,,,,
TrKs_SHC,eMAPK+Sos,Km,4,0.0,0.0,0.0,0.0,dead,,,,
TrKs_SHC,eMAPK+Sos,kcat,4,0.0,0.0,0.0,0.0,dead,,,,
AC_1,PP1_I1_dissoc,Kf,15,0.0,0.0,0.0,0.0,dead,,,,
AC_1,ePP2A+PP1_Ip,kcat,15,0.0,0.0,0.0,0.0,dead,,,,
AC_2,I1p+PP1,tau,15,0.0,0.0,0.0,0.0,dead,,,,
AC_2,ePP2A+I1p,kcat,15,0.0,0.0,0.0,0.0,dead,,,,
AC_3,ePP2A+PP1_Ip,Km,15,0.0,0.0,0.0,0.0,dead,,,,
AC_3,ePKC+AC2,Km,15,0.0,0.0,0.0,0.0,dead,,,,
AC_3,ePKC+AC2,kcat,15,0.0,0.0,0.0,0.0,dead,,,,
PLA2_1,eMAPK+PLA2,kcat,9,0.0,0.0,0.0,0.0,dead,,,,
PLA2_1,eMAPK+PLA2,Km,9,0.0,0.0,0.0,0.0,dead,,,,
PLA2_1,DAG_CaPLA2p_act,tau,9,0.0,0.0,0.0,0.0,dead,,,,
PLA2_1,DAG_CaPLA2p_act,Kd,9,0.0,0.0,0.0,0.0,dead,,,,
PLA2_2,ePLA2DAGCa+APC,Km,9,0.0,0.0,0.0,0.0,dead,,,,
PLA2_2,ePLA2DAGCa+APC,kcat,9,0.0,0.0,0.0,0.0,dead,,,,
PP1,I1p+PP1,Kd,2,0.0,0.0,0.0,0.0,dead,,,,
PP1,ePP2A+I1p,Km,2,0.0,0.0,0.0,0.0,dead,,,,
CaN,Ca+CaN,Kd,7,0.0,0.0,0.0,0.0,dead,,,,
CaN,CaMCa4+CaN,Kd,7,0.0,0.0,0.0,0.0,dead,,,,
CaN,eCaMCaN+ngp,Km,7,0.0,0.0,0.0,0.0,dead,,,,
CaN,eCaMCaN+ngp,kcat,7,0.0,0.0,0.0,0.0,dead,,,,
CaN,eCaMCaN+I1p,Km,7,0.0,0.0,0.0,0.0,dead,,,,
CaN,eCaMCaN+I1p,kcat,7,0.0,0.0,0.0,0.0,dead,,,,
CaN,eCaN+I1p,Km,7,0.0,0.0,0.0,0.0,dead,,,,
CaN,eCaN+I1p,kcat,7,0.0,0.0,0.0,0.0,dead,,,,
CaN,eCaMCaN+PP1_I1p,Km,7,0.0,0.0,0.0,0.0,dead,,,,
CaN,eCaMCaN+PP1_I1p,kcat,7,0.0,0.0,0.0,0.0,dead,,,,
CaMKII_1,CaMCa4+CaMKIIp,tau,11,0.0,0.0,0.0,0.0,dead,,,,
Receptors_Ras_2,Ca+CaN,tau,9,0.0,0.0,0.0,0.0,dead,,,,
4EBP,eIF4EBPpqr_dissoc,Kd,5,0.0,0.0,0.0,0.0,dead,,,,
4EBP,eIF4EBPpq_dissoc,Kd,5,0.0,0.0,0.0,0.0,dead,,,,
TransInit,eIF4E+GA,Kd,5,0.0,0.0,0.0,0.0,dead,,,,
TransInit,eIF4E+GA,tau,5,0.0,0.0,0.0,0.0,dead,,,,
TransInit,eIF4F+mRNA,Kd,5,0.0,0.0,0.0,0.0,dead,,,,
TransInit,eIF4F+mRNA,tau,5,0.0,0.0,0.0,0.0,dead,,,,
TransInit,eIF4G+A,Kd,5,0.0,0.0,0.0,0.0,dead,,,,
TransInit,eIF4G+A,tau,5,0.0,0.0,0.0,0.0,dead,,,,
Glu_mGluR_1,ePKA+GluR,kcat,21,-0.0,1e-06,0.0,1e-06,dead,confirmed_dead,,,
Glu_mGluR_2,ePKA+GluRG,Km,21,-1e-06,0.0,0.0,1e-06,dead,confirmed_dead,,,
Glu_mGluR_2,ePKA+RG,kcat,21,-1e-06,0.0,0.0,1e-06,dead,confirmed_dead,Receptors_MAPK/Receptors_S6K/Receptors_protein,0.061215,alive_elsewhere
DHPG_mGluR_1,ePKA+DHPGR,Km,5,-0.0,1e-06,0.0,1e-06,dead,confirmed_dead,Receptors_MAPK/Receptors_S6K/Receptors_protein,0.000102,marginal_elsewhere
AMPAR_1,AMPA+sAMPAR,Kd,23,-1e-06,1e-06,0.0,1e-06,dead,,,,
AMPAR_1,AMPA+sAMPAR,tau,23,0.0,1e-06,0.0,1e-06,dead,,,,
Glu_mGluR_2,ePKA+GluRG,kcat,21,-2e-06,0.0,0.0,2e-06,dead,confirmed_dead,,,
PKA_1,Fsk+AC1Gs,tau,9,-2e-06,0.0,0.0,2e-06,dead,,,,
DHPG_mGluR_1,ePKC+DHPGRpS870G,kcat,5,-3e-06,0.0,1e-06,3e-06,dead,confirmed_dead,,,
DHPG_mGluR_1,ePKA+DHPGRG,kcat,5,-3e-06,-0.0,1e-06,3e-06,dead,confirmed_dead,,,
DHPG_mGluR_1,RpS870Gq+DHPG,tau,5,-3e-06,0.0,1e-06,3e-06,dead,,,,
AC_1,eAC2pGs+ATP,Km,15,-3e-06,2e-06,1e-06,3e-06,dead,,,,
DHPG_mGluR_1,ePKA+DHPGR,kcat,5,-4e-06,0.0,1e-06,4e-06,dead,confirmed_dead,Receptors_MAPK/Receptors_S6K/Receptors_protein,0.061373,alive_elsewhere
DHPG_mGluR_1,ePKC+DHPGRG,kcat,5,-6e-06,0.0,3e-06,6e-06,dead,,,,
PKA_1,Fsk+AC2Gs,tau,9,-0.0,7e-06,1e-06,7e-06,dead,,,,
HomerPIKE_2,PIKE+DHPG_mGluR_Homer,tau,4,0.0,1.1e-05,6e-06,1.1e-05,dead,,,,
CaMKIII,CaMCa4+CaMKIII,tau,9,-1.1e-05,1.3e-05,3e-06,1.3e-05,dead,,,,
HomerPIKE_1,Homer1c_deph,kcat,4,-3e-06,2.4e-05,7e-06,2.4e-05,dead,,,,
CaMKII_1,ePP1+CaMKIIp_CaM,Km,11,-2.5e-05,0.0,2e-06,2.5e-05,dead,,,,
AC_2,eAC2p+ATP,Km,15,-3.2e-05,0.0,2e-06,3.2e-05,dead,,,,
DHPG_mGluR_1,RpS870+DHPG,tau,5,-3.6e-05,1e-06,7e-06,3.6e-05,dead,,,,
43S,R+M,tau,5,0.0,3.9e-05,8e-06,3.9e-05,dead,,,,
PLA2_1,PLA2p_Ca_act,tau,9,-4.5e-05,0.0,5e-06,4.5e-05,dead,,,,
Glu_mGluR_3,ePKC+LRpS870G,Km,21,-4.6e-05,0.0,2e-06,4.6e-05,dead,confirmed_dead,,,
AC_2,Epi+b2AR,tau,15,0.0,4.7e-05,5e-06,4.7e-05,dead,,,,
CaMKII_1,ePP1+CaMKIIp_CaM,kcat,11,0.0,4.7e-05,4e-06,4.7e-05,dead,,,,
PLA2_1,PLA2p_deph,Kf,9,-5.3e-05,0.0,6e-06,5.3e-05,dead,,,,
HomerPIKE_1,eCaMKII+DHPGRHomerpPIKEPI3K,Km,4,-5.6e-05,1.7e-05,2.6e-05,5.6e-05,dead,,,,
HomerPIKE_1,eCaMKII+DHPGRHomerpPIKEPI3K,kcat,4,0.0,5.6e-05,1.8e-05,5.6e-05,dead,,,,
DHPG_mGluR_1,ePKC+DHPGRG,Km,5,-1e-06,5.8e-05,2.5e-05,5.8e-05,dead,,,,
AC_2,eAC2p+ATP,kcat,15,-5.9e-05,0.0,4e-06,5.9e-05,dead,,,,
PLA2_1,ePLA2pCa+APC,kcat,9,-5.9e-05,0.0,7e-06,5.9e-05,dead,,,,
PLA2_1,PLA2p_Ca_act,Kd,9,-6.1e-05,0.0,7e-06,6.1e-05,dead,,,,
HomerPIKE_1,Homer1c_deph,Km,4,-6.7e-05,2e-06,1.7e-05,6.7e-05,dead,,,,
PLA2_1,ePLA2pCa+APC,Km,9,-7.6e-05,0.0,8e-06,7.6e-05,dead,,,,
Ca,VGCC_inact,Kf,20,-7.7e-05,0.0,4e-06,7.7e-05,dead,,,,
Receptors_eIF4E,ePP2A+eIF4EBPpqr,kcat,15,-8.2e-05,3.2e-05,1.4e-05,8.2e-05,dead,,,,
PKA_2,eAC1GsFsk+ATP,Km,9,0.0,8.4e-05,1.1e-05,8.4e-05,dead,,,,
Receptors_eIF4E,eIF4EBPpqr_dissoc,tau,15,-1.1e-05,9.2e-05,8e-06,9.2e-05,dead,,,,
Glu_mGluR_2,ePP2A+RpS870S901G,Km,21,-0.000105,6.8e-05,1.2e-05,0.000105,well_identified,,,,
DHPG_mGluR_1,ePP2A+DHPGRpS870G,kcat,5,0.0,0.000133,2.7e-05,0.000133,sloppy,,,,
DHPG_mGluR_1,ePP2A+DHPGRpS870G,Km,5,-0.0,0.000148,3e-05,0.000148,sloppy,,,,
Receptors_eEF2,ebS6K+CaMKIII,kcat,9,-0.000157,5e-06,2.2e-05,0.000157,sloppy,,,,
Glu_mGluR_2,ePKC+LRpS870G,kcat,21,-0.000107,0.000164,1.3e-05,0.000164,dead,confirmed_dead,,,
Receptors_PI3K_1,ePTEN+PIP3,kcat,9,-0.000168,0.0,1.9e-05,0.000168,sloppy,,,,
PKC,PKC_DAG_AA_act,tau,7,-0.00017,0.000153,4.6e-05,0.00017,sloppy,,,,
HomerPIKE_1,PI3K+DHPG_mGluR_HomerPIKE,tau,4,-9e-06,0.000172,4.6e-05,0.000172,sloppy,,,,
TrKs_SHC,bSHC_act,Km,4,-2.1e-05,0.000186,8.5e-05,0.000186,sloppy,,,,
CaMKII_1,ePP1+CaMKIIp,Km,11,-0.00026,0.0,2.4e-05,0.00026,sloppy,,,,
Receptors_Ras_2,ePKC+GAP,Km,9,-0.000126,0.000283,5.7e-05,0.000283,sloppy,,,,
b2AR,b2AR_recycling,Kf,3,2e-06,0.000304,0.000116,0.000304,well_identified,,,,
Receptors_eIF4E,ePP2A+eIF4EBPpq,kcat,15,-0.00032,0.000231,6.1e-05,0.00032,sloppy,,,,
b2AR,Iso+b2AR,tau,3,-0.000324,3.4e-05,0.000192,0.000324,sloppy,,,,
Receptors_Ras_2,CaMCa3+CaN,Kd,9,-7.8e-05,0.000342,5.2e-05,0.000342,sloppy,,,,
Receptors_Ras_2,SHCp_Grb2+Gab1,tau,9,-0.000349,0.000273,8.9e-05,0.000349,well_identified,,,,
PKA_2,eAC2GsFsk+ATP,Km,9,0.0,0.000381,5.7e-05,0.000381,sloppy,,,,
HomerPIKE_1,PIKE+Glu_mGluR_Homer,tau,4,-0.000383,1.5e-05,0.000152,0.000383,sloppy,,,,
Receptors_PI3K_1,Sosp+Grb2,Kd,9,-0.000387,0.0,4.3e-05,0.000387,sloppy,,,,
Receptors_Ras_1,Ca+CaNCa2,tau,9,-0.000426,0.0,5.6e-05,0.000426,sloppy,,,,
Receptors_mTOR_S6K,ebAKT+TSC1_2,kcat,5,-0.000439,6e-06,9e-05,0.000439,sloppy,,,,
CaMKII_1,ePP1+CaMKIIp,kcat,11,0.0,0.000494,4.5e-05,0.000494,sloppy,,,,
barr2,eGRK2+DHPG_mGluR5,kcat,4,-0.000517,0.0,0.00013,0.000517,sloppy,,,,
Receptors_eIF4E,eMAPK+eIF4EBPpq,kcat,15,-0.000321,0.000521,8.5e-05,0.000521,sloppy,,,,
barr2,DHPGRpT840+barr2,tau,4,-0.000528,0.0,0.000135,0.000528,sloppy,,,,
PKA_2,eAC1GsFsk+ATP,kcat,9,0.0,0.000528,6.8e-05,0.000528,sloppy,,,,
PKA_1,Fsk+AC1Gs,Kd,9,-0.000541,0.00018,8e-05,0.000541,well_identified,,,,
Glu_mGluR_1,ePP2A+RpS870S901,kcat,21,-1.5e-05,0.00057,2.8e-05,0.00057,sloppy,,,,
TrKs_SHC,bSHC_act,kcat,4,-0.000573,5.9e-05,0.00025,0.000573,sloppy,,,,
Receptors_mTOR_S6K,RhebGTP+mTOR,tau,5,-0.000611,3.3e-05,0.000174,0.000611,sloppy,,,,
Receptors_S6,eS6Kpqr+40S,kcat,21,-0.000645,0.00052,9.9e-05,0.000645,sloppy,,,,
Receptors_Ras_2,Ca+CaNCa2,Kd,9,-4.8e-05,0.000666,8.7e-05,0.000666,sloppy,,,,
Receptors_mTOR_S6K,ebAKT+TSC1_2,Km,5,-0.000691,0.0,0.00014,0.000691,sloppy,,,,
Receptors_protein,ePP2A+FMRPp,kcat,22,-6.9e-05,0.000698,6.4e-05,0.000698,sloppy,,,,
Receptors_PI3K_1,ePI3K_Ras+PIP2,kcat,9,-1e-06,0.000705,7.8e-05,0.000705,sloppy,,,,
43S,Q+R,tau,5,-0.00074,1.9e-05,0.000152,0.00074,sloppy,,,,
Receptors_PI3K_1,eSHCpGrb2Gab1PI3K+PIP2,kcat,9,-2e-06,0.000797,8.9e-05,0.000797,sloppy,,,,
TrKs_PLCg,ebPLCg+PLCg,Km,14,-9.2e-05,0.000836,8.3e-05,0.000836,sloppy,,,,
Receptors_Ras_1,ePKC+GAP,kcat,9,-0.000837,3e-06,9.5e-05,0.000837,sloppy,,,,
Glu_mGluR_2,ePKC+mGluR,kcat,21,-0.000555,0.000851,6.8e-05,0.000851,dead,confirmed_dead,,,
CaMKII_1,eCaMKIIp+CaMKII_CaM,Km,11,-0.000852,6e-06,8.2e-05,0.000852,sloppy,,,,
Receptors_Ras_2,CaMCa3+CaN,tau,9,-3.3e-05,0.000867,0.000102,0.000867,sloppy,,,,
Receptors_Ras_2,GAP_deph,Kf,9,-4.7e-05,0.000911,0.000111,0.000911,sloppy,,,,
Receptors_eIF4E,ePP2A+eIF4EBPpqr,Km,15,-0.000375,0.000913,0.00015,0.000913,sloppy,,,,
Receptors_PI3K_1,SHC+SosGrb2,tau,9,-0.000916,0.000254,0.00013,0.000916,sloppy,,,,
DHPG_mGluR_2,DHPG+mGluR,tau,5,-0.000975,0.000292,0.000298,0.000975,sloppy,,,,
Receptors_Ras_2,CaMCa4+GEF,tau,9,-4.4e-05,0.001023,0.000122,0.001023,sloppy,,,,
Receptors_Ras_1,CaMCa2+CaN,tau,9,-0.00104,0.0,0.000121,0.00104,sloppy,,,,
Receptors_PI3K_1,Sosp+Grb2,tau,9,-1e-06,0.001044,0.000116,0.001044,sloppy,,,,
TrKs_PLCg,ebPLCg+PLCg,kcat,14,-0.001055,0.000115,0.000105,0.001055,sloppy,,,,
Glu_mGluR_2,ePP2A+RpS870G,Km,21,-0.00014,0.001172,0.000106,0.001172,sloppy,,,,
CaMKII_1,eCaMKIIp+CaMKII_CaM,kcat,11,-1e-05,0.001211,0.000116,0.001211,sloppy,,,,
PKA_1,ePKA+I1,Km,9,-0.000861,0.00123,0.00039,0.00123,well_identified,,,,
NMDAR,NMDA+NMDAR,tau,5,-0.001256,0.000247,0.000525,0.001256,well_identified,,,,
Receptors_eIF4E,eMAPK+eIF4EBPpq,Km,15,-0.000968,0.001306,0.000235,0.001306,sloppy,,,,
DHPG_mGluR_1,DHPGRpS870G_act,Kf,5,-0.001352,0.0,0.000272,0.001352,sloppy,,,,
DHPG_mGluR_1,RpS870Gq+DHPG,Kd,5,-0.001391,0.0,0.00028,0.001391,sloppy,,,,
Receptors_PI3K_1,ePI3K_Ras+PIP2,Km,9,-0.0,0.001392,0.000161,0.001392,sloppy,,,,
Receptors_PI3K_1,ebPI3K+PIP2,kcat,9,-7e-06,0.001431,0.000162,0.001431,sloppy,,,,
Receptors_PI3K_1,Sosp_deph,Kf,9,-7e-06,0.001482,0.000165,0.001482,sloppy,,,,
Receptors_Ras_1,bg+GEF,Kd,9,-3.5e-05,0.001554,0.0004,0.001554,sloppy,,,,
Receptors_Ras_2,CaMCa2+CaN,Kd,9,-3.5e-05,0.001596,0.000186,0.001596,sloppy,,,,
CaMKIII,eS6Kpqrs+CaMKIII,kcat,9,0.0,0.001637,0.000182,0.001637,sloppy,,,,
Receptors_AKT,PIP3+PDK1,tau,25,-0.001638,0.000162,0.000113,0.001638,well_identified,,,,
PKC,PKC_DAG+AA,tau,7,-0.001855,0.00016,0.000288,0.001855,sloppy,,,,
Receptors_protein,FMRP+iTransl,tau,22,-0.001875,1.7e-05,9.1e-05,0.001875,sloppy,,,,
PKC,PKC_Ca+DAG,Kd,7,-0.000458,0.00188,0.000435,0.00188,sloppy,,,,
Receptors_Ras_1,eGbg+Ras,Km,9,-8.9e-05,0.001914,0.000411,0.001914,sloppy,,,,
Receptors_Ras_1,bg+GEF,tau,9,-0.001942,0.0,0.000227,0.001942,sloppy,,,,
HomerPIKE_1,PIKE+DHPG_mGluR_Homer,Kd,4,0.0,0.00196,0.000497,0.00196,sloppy,,,,
PKC,bPKC_act,tau,7,-0.001977,0.000423,0.00064,0.001977,well_identified,,,,
DHPG_mGluR_1,RpS870DHPG+Gq,tau,5,-0.001982,0.0,0.000399,0.001982,sloppy,,,,
HomerPIKE_1,PI3K+DHPG_mGluR_HomerPIKE,Kd,4,-3.6e-05,0.002037,0.000525,0.002037,sloppy,,,,
Receptors_eEF2,ebS6K+CaMKIII,Km,9,-3.1e-05,0.002054,0.000256,0.002054,sloppy,,,,
Receptors_PI3K_1,Sos+Grb2,tau,9,-2e-06,0.002055,0.000229,0.002055,sloppy,,,,
Receptors_eIF4E,eIF4EBPpq_dissoc,tau,15,-0.00214,0.00077,0.000233,0.00214,well_identified,,,,
Receptors_Ras_2,CaMCa4+CaN,tau,9,-6e-05,0.002172,0.000251,0.002172,sloppy,,,,
Receptors_PI3K_2,SHCpGrb2Gab1+PI3K,tau,9,0.0,0.002187,0.00048,0.002187,well_identified,,,,
Receptors_protein,eCKII+FMRP,Km,22,-0.001117,0.002256,0.000466,0.002256,sloppy,,,,
Receptors_MAPK_1,Epib2ARp1_deph,Km,45,-8.3e-05,0.002293,6.6e-05,0.002293,sloppy,,PKA/AC,0.000316,marginal_elsewhere
Receptors_Ras_1,Ras_inact_GEFp,Kf,9,-0.00251,9.7e-05,0.000708,0.00251,sloppy,,,,
Receptors_protein,activation,tau,22,-0.001828,0.002531,0.00031,0.002531,well_identified,,,,
Receptors_S6,eS6Kpqrs+40S,kcat,21,-0.00254,0.000604,0.000219,0.00254,sloppy,,,,
DHPG_mGluR_1,RpS870+DHPG,Kd,5,-0.002688,0.0,0.00054,0.002688,sloppy,,,,
Receptors_eIF4E,ePP2A+4EBPpqr,kcat,15,-0.00284,0.001004,0.000403,0.00284,sloppy,,,,
Receptors_S6K,ePP2A+S6Kpqrs,kcat,26,-0.002873,0.002822,0.000593,0.002873,sloppy,,,,
PKC,PKC+DAG,tau,7,-0.000302,0.002996,0.00081,0.002996,well_identified,,,,
barr2,DHPGRpT840_barr2_internalize,Kf,4,-1e-06,0.003012,0.000754,0.003012,sloppy,,,,
Receptors_PI3K_1,SHCp+Grb2,tau,9,0.0,0.003282,0.000377,0.003282,sloppy,,,,
DHPG_mGluR_1,RpS870DHPG+Gq,Kd,5,-0.003299,0.0,0.000663,0.003299,sloppy,,,,
Receptors_protein,FMRP+iTransl,Kd,22,-0.000842,0.003335,0.000371,0.003335,sloppy,,,,
barr2,eGRK2+DHPG_mGluR5,Km,4,-0.003342,-1e-06,0.000852,0.003342,sloppy,,,,
Receptors_PI3K_1,PI3K+RasGTP,tau,9,0.0,0.003345,0.00038,0.003345,sloppy,,,,
Receptors_eIF4E,ePP2A+eIF4EBPpq,Km,15,-0.002205,0.003358,0.000554,0.003358,sloppy,,,,
DHPG_mGluR_1,ePP2A+DHPGRpS870,kcat,5,-1e-06,0.00337,0.000691,0.00337,sloppy,,,,
Receptors_protein,FMRP_synth,tau,22,-0.000985,0.00351,0.000416,0.00351,sloppy,,,,
Receptors_MAPK_1,ePKC+mGluRbarr2_craf,kcat,45,-0.000149,0.003572,0.000117,0.003572,sloppy,,,,
barr2,LRpT840+barr2,tau,4,-0.003663,4.8e-05,0.000942,0.003663,sloppy,,,,
PKA_1,ePKA+I1,kcat,9,-0.000612,0.003724,0.000647,0.003724,sloppy,,,,
PLA2_1,Degrade_AA,Kf,9,-0.0,0.003881,0.00109,0.003881,well_identified,,,,
Receptors_S6K,ePP2A+S6Kpqr,kcat,26,-0.003901,0.003861,0.0008,0.003901,sloppy,,,,
TrKB,auto_TrKB,Kf,20,-0.000738,0.003972,0.000353,0.003972,sloppy,,,,
Glu_mGluR_2,ePP2A+RpS870S901G,kcat,21,-0.003767,0.004022,0.000495,0.004022,well_identified,,,,
Glu_mGluR_3,ePP2A+RpS870S901,Km,21,-0.00403,1.8e-05,0.000194,0.00403,well_identified,,,,
PKC,PKC_Ca_DAG_to_memb,tau,7,-0.000667,0.004194,0.000696,0.004194,sloppy,,,,
CaMKII_1,ePP1+CaMKIIpp,kcat,11,0.0,0.004213,0.000383,0.004213,sloppy,,,,
TrKs_PLCg,eTrKB+CaPLCg,kcat,14,-0.004242,5e-06,0.000303,0.004242,sloppy,,,,
43S,QR+M,tau,5,-0.004297,7.3e-05,0.000874,0.004297,sloppy,,,,
AC_2,EpiR+GsGDP,tau,15,-0.00451,2e-06,0.00036,0.00451,sloppy,,,,
Ca,eVGCC+Ca,Km,20,-0.004554,0.001456,0.000301,0.004554,sloppy,,,,
TrKB,TrKBdimeriz,tau,20,-0.004607,0.001501,0.000641,0.004607,sloppy,,,,
AC_1,CaMCa4+AC1,tau,15,-5.9e-05,0.00462,0.000313,0.00462,sloppy,,,,
Ca,eAMPAR+VGCC,kcat,20,-0.000695,0.004942,0.000282,0.004942,sloppy,,,,
PKA_2,Fsk+AC2Gs,Kd,9,0.0,0.004985,0.000867,0.004985,sloppy,,,,
barr2,DHPGRpT840+barr2,Kd,4,-0.004989,-0.0,0.001249,0.004989,sloppy,,,,
Receptors_S6,ebS6K+S6,kcat,21,-0.005007,0.000217,0.000317,0.005007,sloppy,,,,
Receptors_MAPK_3,ng+CaM,tau,45,-0.005397,4.6e-05,0.000134,0.005397,sloppy,,,,
PKA_1,Release_C2,tau,9,-8.4e-05,0.005454,0.001203,0.005454,well_identified,,,,
AC_1,ecAMP_PDEp+cAMP,Km,15,-0.005691,0.002065,0.000616,0.005691,sloppy,,,,
Receptors_PI3K_1,Sos+Grb2,Kd,9,-0.005692,0.005479,0.001241,0.005692,sloppy,,,,
Receptors_PI3K_1,SHC+SosGrb2,Kd,9,-0.005752,0.0,0.000708,0.005752,sloppy,,,,
Receptors_protein,pep_elongation,tau,22,-0.005757,0.003186,0.001212,0.005757,sloppy,,,,
Glu_mGluR_2,mGluR5_recycling,tau,21,-0.005763,0.001766,0.000401,0.005763,sloppy,,,,
mGluR_PLCb,Degrade_DAG,Kf,10,-0.000302,0.005846,0.000628,0.005846,sloppy,,,,
AC_3,ePDE1+cAMP,Km,15,-0.005602,0.006075,0.002386,0.006075,well_identified,,,,
AC_1,eAC2Gs+ATP,Km,15,-0.006161,0.00601,0.001501,0.006161,well_identified,,,,
barr2,LRpT840_barr2_internalize,Kf,4,-0.006269,-0.000627,0.00238,0.006269,sloppy,,,,
Receptors_mTOR_S6K,eAKT+TSC1_2,kcat,5,-1e-05,0.006288,0.00126,0.006288,sloppy,,,,
Glu_mGluR_1,RpS870Gq+Glu,tau,21,-0.000125,0.006369,0.000615,0.006369,sloppy,,,,
Receptors_MAPK_3,Isob2ARp1_deph,Km,45,-0.006481,3.9e-05,0.000158,0.006481,sloppy,,PKA/AC,6e-06,still_dead
Glu_mGluR_1,ePKA+GluR,Km,21,-0.0,0.006724,0.00032,0.006724,dead,confirmed_dead,,,
AC_2,ePDE1+cAMP,kcat,15,-0.001899,0.006794,0.00122,0.006794,well_identified,,,,
Receptors_Ras_2,CaMCa4+GEF,Kd,9,-2.6e-05,0.006798,0.000813,0.006798,sloppy,,,,
Receptors_Ras_1,SHCp_Grb2+Gab1,Kd,9,-0.002252,0.00689,0.001828,0.00689,well_identified,,,,
Receptors_eIF4E,emTORC1+4EBP,kcat,15,-0.000336,0.007014,0.000542,0.007014,sloppy,,,,
Glu_mGluR_1,RpS870Gq+Glu,Kd,21,-0.000117,0.007096,0.000603,0.007096,sloppy,,,,
b2AR,IsoR+GsGDP,Kd,3,-0.007233,0.005291,0.005472,0.007233,sloppy,,,,
PLA2_1,PLA2_Ca_act,tau,9,-0.007247,0.000129,0.001888,0.007247,well_identified,,,,
Ca,eVGCC+Ca,kcat,20,-0.00099,0.007576,0.000428,0.007576,sloppy,,,,
Ca,IP3Ract,Kd,20,-0.000406,0.007727,0.000753,0.007727,well_identified,,,,
Receptors_protein,Degrade_FMRP,Kf,22,-0.001036,0.007847,0.00081,0.007847,sloppy,,,,
Ca,eAMPAR+VGCC,Km,20,-0.00104,0.007877,0.000446,0.007877,sloppy,,,,
CaMKII_1,ePP1+CaMKIIppp,Km,11,0.0,0.00789,0.000717,0.00789,sloppy,,,,
Receptors_MAPK_1,eGRK2+Epi_b2AR,kcat,45,-0.000113,0.008004,0.000192,0.008004,sloppy,,PKA/AC,3.4e-05,still_dead
b2AR,IsoR+GsGDP,tau,3,-0.008035,0.007905,0.007528,0.008035,sloppy,,,,
Receptors_Ras_1,ebGEF+Ras,Km,9,-0.002158,0.008039,0.00218,0.008039,sloppy,,,,
Receptors_protein,FMRP_synth,Kd,22,-0.001146,0.008482,0.00076,0.008482,sloppy,,,,
AC_2,EpiR+GsGDP,Kd,15,0.0,0.008569,0.000699,0.008569,sloppy,,,,
Receptors_MAPK_3,ePKC+ng,Km,45,-0.008705,0.0001,0.000218,0.008705,sloppy,,,,
AC_2,eAC1Gs+ATP,Km,15,-0.007724,0.008708,0.002216,0.008708,sloppy,,,,
Receptors_protein,ebTrans+AA,kcat,22,-0.002139,0.008766,0.000982,0.008766,sloppy,,,,
Receptors_eIF4E,emTORC1+eIF4E_4EBP,kcat,15,-0.005609,0.008936,0.001651,0.008936,sloppy,,,,
Receptors_PI3K_1,eSHCpGrb2Gab1PI3K+PIP2,Km,9,0.0,0.009033,0.00108,0.009033,sloppy,,,,
AC_2,Epi+b2AR,Kd,15,-0.009332,0.000155,0.000633,0.009332,sloppy,,,,
Receptors_Ras_1,esynGAP+RasGTP,kcat,9,-0.001004,0.009523,0.002079,0.009523,well_identified,,,,
Receptors_eEF2,ebCaMKIII+eEF2,kcat,9,-0.009529,2e-06,0.001321,0.009529,sloppy,,,,
Receptors_eIF4E,ePP2A+4EBPpq,kcat,15,-0.009582,0.005977,0.001761,0.009582,sloppy,,,,
AC_2,Epi+RGs,tau,15,-0.002784,0.009663,0.00083,0.009663,well_identified,,,,
Glu_mGluR_2,GluRpS870G_act,Kf,21,-0.000132,0.009676,0.000502,0.009676,sloppy,,,,
Glu_mGluR_2,ePP2A+IntRpS901,kcat,21,-0.001661,0.00985,0.000598,0.00985,sloppy,,,,
PLA2_1,PIP2_PLA2_act,tau,9,-0.000132,0.010003,0.001312,0.010003,sloppy,,,,
AC_3,Gs+AC2p,tau,15,-0.010029,1e-06,0.000669,0.010029,well_identified,,,,
CaMKII_1,ePP1+CaMKIIpppc,kcat,11,-0.01039,0.0,0.000945,0.01039,sloppy,,,,
AC_1,ePKA+cAMP_PDE,Km,15,-0.00379,0.010531,0.001408,0.010531,well_identified,,,,
mGluR_PLCb,PLC_Ca+Gq,tau,10,-0.000477,0.01056,0.001112,0.01056,sloppy,,,,
PKC,PKC+AA,tau,7,-0.000925,0.010581,0.001712,0.010581,sloppy,,,,
mGluR_PLCb,PLC+Gq,tau,10,-0.010842,0.0,0.001099,0.010842,sloppy,,,,
Glu_mGluR_1,ePP2A+LRpS870G,kcat,21,-2.6e-05,0.01091,0.000522,0.01091,sloppy,,,,
barr2,GRK2+bg,tau,4,-0.011052,8.1e-05,0.002786,0.011052,sloppy,,,,
Receptors_protein,eTrans+AA,kcat,22,-0.002253,0.011089,0.001117,0.011089,sloppy,,,,
Glu_mGluR_1,RpS870Glu+Gq,Kd,21,-0.0001,0.011106,0.000539,0.011106,sloppy,,,,
AC_1,Gs+AC2,tau,15,-0.007884,0.011227,0.003777,0.011227,well_identified,,,,
Ca,eNMDA_NMDAR+Ca,Km,20,-1e-06,0.011324,0.000566,0.011324,sloppy,,,,
HomerPIKE_1,PI3K+Glu_mGluR_HomerPIKE,tau,4,-0.011465,0.0,0.004677,0.011465,sloppy,,,,
Receptors_S6K,ePP2A+S6Kpq,kcat,26,-0.010501,0.01165,0.002121,0.01165,sloppy,,,,
mGluR_PLCb,Degrade_IP3,Kf,10,-0.007885,0.011776,0.001967,0.011776,sloppy,,,,
AC_3,ecAMP_PDE+cAMP,Km,15,-0.011866,0.009005,0.003236,0.011866,sloppy,,,,
mGluR_PLCb,PLC+Gq,Kd,10,-0.003984,0.012461,0.002109,0.012461,sloppy,,,,
Receptors_Ras_2,eCaMGEF+Ras,Km,9,-6.5e-05,0.01273,0.00143,0.01273,sloppy,,,,
Glu_mGluR_2,mGluR5_Internalize,Kf,21,-0.010167,0.012857,0.001846,0.012857,well_identified,,,,
b2AR,Iso+b2AR,Kd,3,-0.012965,0.012334,0.01075,0.012965,well_identified,,,,
AC_3,ecAMP_PDE+cAMP,kcat,15,-0.013044,0.010833,0.003798,0.013044,sloppy,,,,
PKC,PKC+AA,Kd,7,-0.013049,0.000345,0.002444,0.013049,well_identified,,,,
Receptors_MAPK_1,ePKC+ng,kcat,45,-9.7e-05,0.013936,0.000331,0.013936,sloppy,,,,
AMPAR_4,eCaMKII+Glu_sAMPARpS845,kcat,23,-0.005772,0.014107,0.001229,0.014107,well_identified,,,,
TrKs_PLCg,eEGFR+CaPLCg,Km,14,-0.014108,0.010744,0.003279,0.014108,sloppy,,,,
AMPAR_2,ePKA+AMPA_sAMPARp,kcat,23,-0.003587,0.014109,0.001669,0.014109,sloppy,,,,
AMPAR_4,AMPA+sAMPARpS845,tau,23,-0.00755,0.014111,0.001435,0.014111,well_identified,,,,
AMPAR_3,Glu+sAMPAR,Kd,23,-0.003188,0.014113,0.001752,0.014113,well_identified,,,,
AMPAR_3,AMPA+sAMPARpS845,Kd,23,-0.002972,0.014114,0.002265,0.014114,sloppy,,,,
AMPAR_1,ePKA+AMPA_sAMPARp,Km,23,-0.004923,0.014115,0.001576,0.014115,well_identified,,,,
AMPAR_4,eCaMKII+AMPA_sAMPARpS845,Km,23,-0.002999,0.014115,0.000868,0.014115,well_identified,,,,
AMPAR_2,ePKA+Glu_sAMPARp,kcat,23,-0.002798,0.014148,0.001428,0.014148,sloppy,,,,
AC_1,ecAMP_PDEp+cAMP,kcat,15,-0.014159,0.001339,0.00105,0.014159,sloppy,,,,
AMPAR_1,from_memb,Kf,23,-0.014191,0.011769,0.001713,0.014191,well_identified,,,,
TrKs_SHC,eTrKB+SHC,kcat,4,-0.014962,0.0,0.00374,0.014962,sloppy,,,,
Glu_mGluR_1,ePP2A+LRpS870,kcat,21,-0.006418,0.015436,0.001244,0.015436,sloppy,,,,
PKC,PKC_Ca+DAG,tau,7,-3.9e-05,0.015839,0.002389,0.015839,sloppy,,,,
AMPAR_1,ePKA+sAMPAR,kcat,23,-0.008801,0.015943,0.001339,0.015943,sloppy,,,,
NMDAR,Glu+NMDAR,tau,5,-0.016007,0.001647,0.003531,0.016007,sloppy,,,,
AC_1,eAC1CaM+ATP,Km,15,-0.000223,0.016179,0.001245,0.016179,sloppy,,,,
AMPAR_2,eCaMKII+Glu_sAMPARpS845,Km,23,-0.012358,0.016332,0.002024,0.016332,sloppy,,,,
AMPAR_3,ePKA+sAMPARpS831,kcat,23,-0.00588,0.016931,0.00256,0.016931,well_identified,,,,
PKA_1,eAC2GsFsk+ATP,kcat,9,-0.0,0.016943,0.003351,0.016943,well_identified,,,,
Glu_mGluR_1,RpS870+Glu,tau,21,-6.4e-05,0.017101,0.000822,0.017101,sloppy,,,,
AMPAR_4,to_memb_1,tau,23,-0.014034,0.017353,0.003219,0.017353,well_identified,,,,
TrKs_PLCg,Ca+PLCg,tau,14,-0.000133,0.017605,0.003,0.017605,sloppy,,,,
HomerPIKE_2,eCaMKII+LRHomerpPIKEPI3K,Km,4,0.0,0.017857,0.005417,0.017857,well_identified,,,,
CaMKII_1,ePP1+CaMKIIppp,kcat,11,-0.017889,0.0,0.001626,0.017889,sloppy,,,,
mGluR_PLCb,PLC_Gq+Ca,tau,10,-0.017923,0.0,0.001886,0.017923,sloppy,,,,
AMPAR_2,to_memb,Kd,23,-0.004212,0.017962,0.001848,0.017962,well_identified,,,,
AC_2,eAC1CaM+ATP,kcat,15,-0.001208,0.018083,0.002165,0.018083,well_identified,,,,
AMPAR_3,AMPA+sAMPARpS831,tau,23,-0.0013,0.018167,0.00126,0.018167,sloppy,,,,
PKA_1,PKAinhib+PKA,tau,9,-0.018189,5e-06,0.00211,0.018189,sloppy,,,,
Ras,eGAP+Ras,kcat,5,0.0,0.018242,0.003648,0.018242,sloppy,,,,
Receptors_AKT,ePP2A+AKTpq,kcat,25,-0.019059,0.009634,0.003476,0.019059,well_identified,,,,
Receptors_protein,Degrade_protein,Kf,22,-0.019094,0.003836,0.001872,0.019094,sloppy,,,,
AMPAR_3,ePP1+iAMPARpS845S831,kcat,23,-0.00148,0.019098,0.002975,0.019098,well_identified,,,,
NMDAR,NMDAR_inact,Kf,5,-0.019183,0.001929,0.004223,0.019183,sloppy,,,,
AMPAR_3,Glu+sAMPAR,tau,23,-0.002164,0.019317,0.001465,0.019317,sloppy,,,,
AMPAR_3,degradation_2,Kf,23,-0.004887,0.020033,0.003138,0.020033,sloppy,,,,
AMPAR_1,from_memb3,Kf,23,-0.011899,0.020545,0.003039,0.020545,sloppy,,,,
Receptors_S6,eS6Kpqr+40S,Km,21,-0.015681,0.020569,0.00274,0.020569,sloppy,,,,
AMPAR_1,eCaN+iAMPARpS845S831,Km,23,-0.020824,0.014058,0.002155,0.020824,sloppy,,,,
AMPAR_1,Glu+sAMPARpS831,Kd,23,-0.020961,0.014095,0.002317,0.020961,sloppy,,,,
AC_1,ePKA+cAMP_PDE,kcat,15,-0.001456,0.021248,0.00214,0.021248,sloppy,,,,
AMPAR_1,Glu+sAMPARpS845,tau,23,-0.010544,0.021449,0.002222,0.021449,sloppy,,,,
Glu_mGluR_1,ePP2A+IntRpS901,Km,21,-0.002208,0.021596,0.001313,0.021596,sloppy,,,,
HomerPIKE_1,eCaMKII+LRHomerpPIKEPI3K,kcat,4,-0.021734,0.0,0.00658,0.021734,sloppy,,,,
DHPG_mGluR_2,DHPG+mGluR_Gq,tau,5,-0.021848,0.012236,0.006818,0.021848,sloppy,,,,
Glu_mGluR_1,ePP2A+LRpS870,Km,21,-0.000139,0.021976,0.001524,0.021976,sloppy,,,,
AMPAR_1,eCaN+sAMPARpS845S831,kcat,23,-0.021996,0.021926,0.002823,0.021996,well_identified,,,,
Glu_mGluR_2,ePKC+LRG,kcat,21,-0.003257,0.022062,0.002147,0.022062,well_identified,,,,
PKA_1,R2C2+cAMP,tau,9,-0.000189,0.022107,0.003261,0.022107,sloppy,,,,
CaM,CaMCa2+Ca,Kd,6,0.0,0.022163,0.006447,0.022163,sloppy,,,,
b2AR,Iso+RGs,tau,3,-0.022252,0.00604,0.011313,0.022252,sloppy,,,,
AC_1,Gs+AC2p,Kd,15,-6.7e-05,0.022817,0.001526,0.022817,sloppy,,,,
PKC,PKC+Ca,tau,7,-0.022895,0.007034,0.004608,0.022895,sloppy,,,,
AMPAR_1,eCaN+sAMPARpS845,kcat,23,-0.019549,0.023106,0.002342,0.023106,sloppy,,,,
AMPAR_3,Glu+sAMPARpS831,tau,23,-0.003341,0.023249,0.00158,0.023249,well_identified,,,,
AMPAR_3,ePP1+sAMPARpS845S831,Km,23,-0.00966,0.02344,0.004593,0.02344,well_identified,,,,
Glu_mGluR_2,ePKA+R,Km,21,-0.023502,0.019859,0.003337,0.023502,well_identified,,,,
Receptors_PI3K_1,ebPI3K+PIP2,Km,9,-0.006097,0.023527,0.003292,0.023527,sloppy,,,,
mGluR_PLCb,PLCb+Ca,tau,10,-0.023814,0.000747,0.002465,0.023814,sloppy,,,,
Glu_mGluR_1,ePKC+mGluR,Km,21,-0.000105,0.024657,0.001182,0.024657,dead,confirmed_dead,,,
AMPAR_2,eCaMKII+synGAP_PDZ,kcat,23,-0.008495,0.024854,0.002766,0.024854,sloppy,,,,
AC_2,AC2_deph,Kf,15,-1.5e-05,0.024866,0.00166,0.024866,sloppy,,,,
AC_2,Trimerize_Gs,Kf,15,-0.01726,0.025031,0.006653,0.025031,well_identified,,,,
Receptors_AKT,PIP3+AKT,tau,25,-0.025389,0.000893,0.002148,0.025389,well_identified,,,,
Receptors_S6,eS6Kpqrs+40S,Km,21,-0.009309,0.025487,0.002752,0.025487,sloppy,,,,
AMPAR_1,eCaN+iAMPARpS845S831,kcat,23,-0.021004,0.026323,0.00341,0.026323,sloppy,,,,
AMPAR_3,eCaN+sAMPARpS845,Km,23,-0.008593,0.026352,0.003555,0.026352,well_identified,,,,
DHPG_mGluR_1,ePP2A+DHPGRpS870,Km,5,-0.027084,0.00012,0.005444,0.027084,sloppy,,,,
AC_1,PDE_deph,Kf,15,-0.00182,0.027773,0.002567,0.027773,sloppy,,,,
AMPAR_1,eCaMKIIp+synGAP_PSD,kcat,23,-0.028045,0.017619,0.004962,0.028045,well_identified,,,,
Receptors_mTOR_S6K,eAKT+TSC1_2,Km,5,-1.4e-05,0.028098,0.005623,0.028098,sloppy,,,,
Receptors_mTOR_S6K,TSC1_2_deph,Kf,5,-2.4e-05,0.028331,0.005671,0.028331,sloppy,,,,
TrKs_PLCg,PLCg_deph,Kf,14,-0.028366,0.019406,0.006918,0.028366,well_identified,,,,
Receptors_Ras_2,ePKA+GEF,kcat,9,-0.028439,0.001274,0.006359,0.028439,sloppy,,,,
TrKB,IntTrKB2_deph,Kf,20,-0.028459,0.009684,0.005844,0.028459,well_identified,,,,
Glu_mGluR_1,Gq_release,Kf,21,-0.007553,0.028592,0.00237,0.028592,sloppy,,,,
Glu_mGluR_3,Glu+mGluR_Gq,tau,21,-0.028744,0.023158,0.003327,0.028744,well_identified,,,,
AMPAR_4,eCaMKII+AMPARpS845,Km,23,-0.028791,0.018525,0.004359,0.028791,sloppy,,,,
AC_1,Gs+AC1,tau,15,-0.005385,0.028891,0.002626,0.028891,sloppy,,,,
AC_2,CaMCa4+PDE1,tau,15,-3e-05,0.028915,0.001931,0.028915,sloppy,,,,
AMPAR_2,AMPA+sAMPARpS845S831,tau,23,-0.029196,0.026861,0.004626,0.029196,sloppy,,,,
Glu_mGluR_1,ePP2A+LRpS870G,Km,21,-3.8e-05,0.029199,0.001394,0.029199,sloppy,,,,
AMPAR_2,eCaMKII+AMPA_sAMPARpS845,kcat,23,-0.006794,0.029638,0.002236,0.029638,sloppy,,,,
Receptors_protein,pep_elongation,Kd,22,-0.029895,0.007931,0.003033,0.029895,sloppy,,,,
Receptors_AKT,ePP2A+AKTp,kcat,25,-0.0184,0.029997,0.005264,0.029997,well_identified,,,,
mGluR_PLCb,PLCb+Ca,Kd,10,-0.003442,0.030589,0.006143,0.030589,well_identified,,,,
AMPAR_2,AMPA+sAMPARpS831,Kd,23,-0.00688,0.031035,0.00302,0.031035,sloppy,,,,
TrKs_PLCg,eTrKB+CaPLCg,Km,14,-0.031348,5e-06,0.00224,0.031348,sloppy,,,,
AMPAR_2,ePP1+sAMPARpS845S831,kcat,23,-0.031626,0.022616,0.005295,0.031626,well_identified,,,,
DHPG_mGluR_2,DHPG_mGluR+Gq,tau,5,-0.032492,0.016096,0.009794,0.032492,sloppy,,,,
AMPAR_2,eCaMKII+AMPARpS845,kcat,23,-0.020343,0.032658,0.003127,0.032658,sloppy,,,,
Glu_mGluR_1,ePP2A+RpS870G,kcat,21,-0.000108,0.032984,0.001636,0.032984,sloppy,,,,
43S,Q+R,Kd,5,-0.00107,0.033166,0.007287,0.033166,well_identified,,,,
Receptors_protein,ePP2A+FMRPp,Km,22,-0.021323,0.033456,0.005046,0.033456,well_identified,,,,
Glu_mGluR_1,RpS870+Glu,Kd,21,-5.4e-05,0.03347,0.002059,0.03347,sloppy,,,,
AMPAR_3,eCaN+iAMPARpS845,Km,23,-0.033736,0.02361,0.004174,0.033736,well_identified,,,,
Glu_mGluR_2,ePKA+R,kcat,21,-0.011684,0.034654,0.002647,0.034654,well_identified,,,,
AMPAR_2,ePP1+iAMPARpS831,kcat,23,-0.007922,0.035063,0.002372,0.035063,well_identified,,,,
AMPAR_1,ePP1+sAMPARpS831,Km,23,-0.035091,0.024234,0.004329,0.035091,sloppy,,,,
AMPAR_1,ePKA+Glu_sAMPARp,Km,23,-0.013445,0.035186,0.003208,0.035186,sloppy,,,,
AMPAR_2,ePP1+sAMPARpS831,kcat,23,-0.035551,0.021135,0.003986,0.035551,sloppy,,,,
AMPAR_2,eCaN+sAMPARpS845S831,Km,23,-0.012437,0.035626,0.00393,0.035626,sloppy,,,,
AMPAR_4,ePKA+intAMPAR,Km,23,-0.035799,0.023158,0.005678,0.035799,well_identified,,,,
AC_1,CaMCa4+PDE1,Kd,15,-0.035897,0.028912,0.00791,0.035897,well_identified,,,,
AMPAR_2,ePKA+sAMPARpS831,Km,23,-0.036205,0.021565,0.004379,0.036205,well_identified,,,,
Glu_mGluR_2,ePP2A+RpS870,kcat,21,-0.000138,0.036749,0.003045,0.036749,sloppy,,,,
AMPAR_1,Glu+sAMPARpS845,Kd,23,-0.03735,0.02487,0.004558,0.03735,sloppy,,,,
AMPAR_3,exchange,tau,23,-0.002778,0.037579,0.003311,0.037579,well_identified,,,,
Receptors_Ras_2,ePKA+GEF,Km,9,-0.03764,0.001558,0.00938,0.03764,sloppy,,,,
PKC,PKC_Ca_to_memb,tau,7,-0.038633,9e-06,0.006508,0.038633,sloppy,,,,
Receptors_protein,eCKII+FMRP,kcat,22,-0.039124,0.016548,0.004936,0.039124,sloppy,,,,
AMPAR_1,synGAPpPSD_dissoc,Kd,23,-0.028026,0.040051,0.004204,0.040051,well_identified,,,,
AC_1,eAC2pGs+ATP,kcat,15,-0.040687,0.00429,0.003,0.040687,sloppy,,,,
Receptors_S6,S6_deph,Kf,21,-0.000675,0.041876,0.002148,0.041876,sloppy,,,,
Receptors_protein,elongation,tau,22,-0.042968,0.018189,0.004133,0.042968,well_identified,,,,
Glu_mGluR_1,RpS870Glu+Gq,tau,21,-6.8e-05,0.043088,0.002059,0.043088,sloppy,,,,
Receptors_eIF4E,eMAPK+4EBPpq,kcat,15,-0.043243,0.01714,0.005532,0.043243,sloppy,,,,
AMPAR_2,eCaN+iAMPARpS845,kcat,23,-0.009504,0.044082,0.00362,0.044082,sloppy,,,,
AMPAR_2,ePP1+iAMPARpS831,Km,23,-0.010647,0.044807,0.005239,0.044807,sloppy,,,,
AMPAR_2,ePKA+sAMPAR,Km,23,-0.008304,0.046087,0.005521,0.046087,well_identified,,,,
TrKs_PLCg,eTrKB+PLCg,kcat,14,-0.046724,5e-06,0.00364,0.046724,sloppy,,,,
PKC,PKC_Ca_DAG_to_memb,Kd,7,-0.0,0.047755,0.015025,0.047755,well_identified,,,,
Receptors_MAPK_1,Ras+craf,tau,45,-0.048324,0.047933,0.007475,0.048324,well_identified,,,,
Glu_mGluR_3,Glu+mGluR,tau,21,-0.007357,0.049814,0.003357,0.049814,well_identified,,,,
AMPAR_2,Glu+sAMPARpS845S831,tau,23,-0.002734,0.050164,0.002636,0.050164,well_identified,,,,
Glu_mGluR_3,GluGq_act,Kf,21,-0.010882,0.050353,0.007104,0.050353,well_identified,,,,
AMPAR_4,exchange,Kd,23,-0.031163,0.050534,0.004757,0.050534,sloppy,,,,
Receptors_S6,ebS6K+S6,Km,21,-0.002178,0.050712,0.003124,0.050712,sloppy,,,,
b2AR,Iso_act_Gs,Kf,3,-0.049204,0.052374,0.041794,0.052374,sloppy,,,,
Receptors_mTOR_S6K,RhebGTP+mTOR,Kd,5,-0.053298,0.050072,0.029049,0.053298,well_identified,,,,
Receptors_AKT,ePI3K+AKT,kcat,25,-0.053977,0.001578,0.011848,0.053977,well_identified,,,,
PKA_1,Release_C2,Kd,9,-0.054379,0.037731,0.011945,0.054379,sloppy,,,,
AMPAR_1,synGAPpPSD_dissoc,tau,23,-0.054845,0.019694,0.006075,0.054845,sloppy,,,,
PKA_1,PKAinhib+PKA,Kd,9,-0.055529,1.7e-05,0.007593,0.055529,sloppy,,,,
Glu_mGluR_2,ePP2A+RpS870,Km,21,-0.013902,0.056037,0.005368,0.056037,sloppy,,,,
AC_1,eAC2Gs+ATP,kcat,15,-0.051927,0.056109,0.013486,0.056109,well_identified,,,,
43S,RM+Q,tau,5,-0.056485,0.0,0.011301,0.056485,sloppy,,,,
TrKs_PLCg,eEGFR+CaPLCg,kcat,14,-0.058153,0.043366,0.014122,0.058153,sloppy,,,,
TrKs_PLCg,Ca+PLCgp,tau,14,-0.059331,1.8e-05,0.00941,0.059331,sloppy,,,,
Glu_mGluR_3,Glu_mGluR+Gq,tau,21,-0.028457,0.060511,0.009294,0.060511,sloppy,,,,
CaMKII_1,eCaMCaMKII+CaMCaMKII,kcat,11,-0.056189,0.060691,0.013309,0.060691,well_identified,,,,
Receptors_MAPK_2,mGluRpT840barr2craf_dissoc,Kf,45,-0.060889,0.001914,0.001702,0.060889,sloppy,,,,
Receptors_MAPK_2,ecraf1_mGluRbarr2+MEKp,kcat,45,-0.060944,0.008167,0.002745,0.060944,sloppy,,,,
Receptors_MAPK_2,ecraf1_mGluRbarr2+MEK,kcat,45,-0.060978,0.009158,0.002784,0.060978,sloppy,,,,
Receptors_MAPK_2,ePP2A+RpT840barr2craf1p,Km,45,-0.061034,0.020943,0.00444,0.061034,well_identified,,,,
Receptors_MAPK_3,ng+CaM,Kd,45,-0.061075,0.002132,0.001493,0.061075,sloppy,,,,
PKA_1,Release_C1,Kd,9,-0.06109,0.009106,0.009506,0.06109,sloppy,,,,
Receptors_MAPK_2,eMKP1+MAPKpq,kcat,45,-0.061097,0.014588,0.003145,0.061097,sloppy,,,,
Receptors_MAPK_2,ePP2A+RpT840barr2craf1p,kcat,45,-0.061099,0.005123,0.002246,0.061099,sloppy,,,,
Receptors_MAPK_3,ecraf1_mGluRbarr2+MEK,Km,45,-0.061223,0.000721,0.001514,0.061223,sloppy,,,,
Receptors_MAPK_1,Raf1_deph,kcat,45,-0.061234,0.014513,0.005274,0.061234,well_identified,,,,
Receptors_MAPK_3,Isob2ARp1+barr2,tau,45,-0.061234,9.3e-05,0.001378,0.061234,sloppy,,PKA/AC,6e-06,still_dead
Receptors_MAPK_4,Epib2ARp1+barr2,Kd,45,-0.061234,5e-05,0.00138,0.061234,sloppy,,PKA/AC,8.4e-05,still_dead
Receptors_MAPK_3,ePP2A+b2ARp1barr2crafp,Km,45,-0.061235,0.000101,0.001382,0.061235,sloppy,,,,
Receptors_MAPK_3,eGRK5+Epi_b2AR,kcat,45,-0.061235,6.6e-05,0.001382,0.061235,sloppy,,PKA/AC,5.3e-05,still_dead
Receptors_MAPK_3,eGRK2+Iso_b2AR,kcat,45,-0.061235,0.000107,0.001378,0.061235,sloppy,,PKA/AC,6e-06,still_dead
Receptors_MAPK_4,Intb2ARp1_deph,Km,45,-0.061235,6.2e-05,0.001379,0.061235,sloppy,,PKA/AC,7.2e-05,still_dead
Receptors_MAPK_5,Epib2ARp1_deph,kcat,45,-0.061235,4.3e-05,0.001376,0.061235,sloppy,,PKA/AC,0.000189,marginal_elsewhere
Receptors_MAPK_3,b2ARp2barr2p_deph,Km,45,-0.061236,0.000132,0.00138,0.061236,sloppy,,PKA/AC,0.000187,marginal_elsewhere
Receptors_MAPK_3,eIntb2ARp1barr2craf+MEK,kcat,45,-0.061236,0.000109,0.001383,0.061236,sloppy,,,,
Receptors_MAPK_4,eGRK2+Epi_b2AR,Km,45,-0.061236,3.2e-05,0.001377,0.061236,sloppy,,PKA/AC,9.1e-05,still_dead
Receptors_MAPK_4,Isob2ARp2_barr2_internalize,Kf,45,-0.061236,6.8e-05,0.001378,0.061236,sloppy,,PKA/AC,6e-06,still_dead
Receptors_MAPK_4,Isob2ARp2+barr2,Kd,45,-0.061236,4.5e-05,0.001375,0.061236,sloppy,,PKA/AC,6e-06,still_dead
Receptors_MAPK_5,Isob2ARp2+barr2,tau,45,-0.061236,4.8e-05,0.001377,0.061236,sloppy,,PKA/AC,6e-06,still_dead
Receptors_MAPK_2,eAKT+Raf,Km,45,-0.061237,0.009174,0.002572,0.061237,sloppy,,,,
Receptors_MAPK_4,Epib2ARp2+barr2,tau,45,-0.061237,7.2e-05,0.001376,0.061237,sloppy,,PKA/AC,8.1e-05,still_dead
Receptors_MAPK_4,Isob2ARp1+barr2,Kd,45,-0.061237,4.9e-05,0.001382,0.061237,sloppy,,PKA/AC,4e-06,still_dead
Receptors_MAPK_4,ePKC+b2ARp1barr2_craf,Km,45,-0.061237,9.2e-05,0.001378,0.061237,sloppy,,,,
Receptors_MAPK_5,eIntb2ARp1barr2craf+MEKp,kcat,45,-0.061237,6.8e-05,0.001382,0.061237,sloppy,,,,
Receptors_MAPK_5,eIntb2ARp1barr2craf+MEKp,Km,45,-0.061237,0.000128,0.00138,0.061237,sloppy,,,,
Receptors_MAPK_4,eGRK5+Epi_b2AR,Km,45,-0.061238,8.6e-05,0.001378,0.061238,sloppy,,PKA/AC,0.000135,marginal_elsewhere
Receptors_MAPK_4,Epib2ARp1_barr2_internalize,Kf,45,-0.061238,3.3e-05,0.001377,0.061238,sloppy,,PKA/AC,6e-06,still_dead
Receptors_MAPK_4,Isob2ARp2_deph,kcat,45,-0.061238,9.5e-05,0.001375,0.061238,sloppy,,PKA/AC,1e-05,still_dead
Receptors_MAPK_3,ePP2A+b2ARp1barr2crafp,kcat,45,-0.061239,9.2e-05,0.001383,0.061239,sloppy,,,,
Receptors_MAPK_3,Intb2ARp1_deph,kcat,45,-0.061239,7.2e-05,0.001381,0.061239,sloppy,,PKA/AC,1.4e-05,still_dead
Receptors_MAPK_4,b2ARp1_barr2+Raf,Kd,45,-0.061239,3.3e-05,0.001377,0.061239,sloppy,,,,
Receptors_MAPK_4,Epib2ARp2_deph,kcat,45,-0.06124,3.4e-05,0.001378,0.06124,sloppy,,PKA/AC,0.000126,marginal_elsewhere
Receptors_MAPK_3,ePKC+b2ARp1barr2_craf,kcat,45,-0.061241,0.000134,0.001379,0.061241,sloppy,,,,
Receptors_MAPK_3,Isob2ARp1_deph,kcat,45,-0.061243,3.3e-05,0.001377,0.061243,sloppy,,PKA/AC,6e-06,still_dead
Receptors_MAPK_4,eGRK5+Iso_b2AR,Km,45,-0.061247,0.000109,0.001378,0.061247,sloppy,,PKA/AC,5e-06,still_dead
Receptors_MAPK_4,Epib2ARp1+barr2,tau,45,-0.06125,7.6e-05,0.001376,0.06125,sloppy,,PKA/AC,0.000182,marginal_elsewhere
Receptors_MAPK_5,Isob2ARp1_barr2_internalize,Kf,45,-0.061253,4.4e-05,0.001378,0.061253,sloppy,,PKA/AC,5e-06,still_dead
Receptors_MAPK_3,ecraf1_mGluRbarr2+MEKp,Km,45,-0.061262,0.000848,0.001522,0.061262,sloppy,,,,
Receptors_MAPK_4,b2ARp1_barr2+Raf,tau,45,-0.061281,7.4e-05,0.001379,0.061281,sloppy,,,,
Receptors_MAPK_2,ePKC+mGluRbarr2_craf,Km,45,-0.06129,0.001272,0.0016,0.06129,sloppy,,,,
Receptors_MAPK_5,b2ARp2barr2p_dissoc,Kf,45,-0.06129,0.00011,0.001382,0.06129,sloppy,,PKA/AC,4e-06,still_dead
Receptors_MAPK_3,eGRK2+Iso_b2AR,Km,45,-0.061349,9.9e-05,0.001382,0.061349,sloppy,,PKA/AC,5e-06,still_dead
Receptors_MAPK_3,mGluR_barr2+Raf,tau,45,-0.061383,0.000302,0.001438,0.061383,sloppy,,,,
Receptors_MAPK_5,ePKC+ng_CaM,Km,45,-0.061398,0.000237,0.001406,0.061398,sloppy,,,,
Receptors_MAPK_5,b2ARp2barr2p_deph,kcat,45,-0.061421,0.000126,0.001382,0.061421,sloppy,,PKA/AC,7e-06,still_dead
Receptors_MAPK_3,Isob2ARp2_deph,Km,45,-0.061422,3.5e-05,0.001385,0.061422,sloppy,,PKA/AC,6e-06,still_dead
Receptors_MAPK_4,eIntb2ARp1barr2craf+MEK,Km,45,-0.061426,6.6e-05,0.001382,0.061426,sloppy,,,,
Receptors_MAPK_3,ePKC+ng_CaM,kcat,45,-0.061459,0.000271,0.001425,0.061459,sloppy,,,,
Receptors_MAPK_5,Epib2ARp2_barr2_internalize,Kf,45,-0.061459,3.3e-05,0.001381,0.061459,sloppy,,PKA/AC,1e-06,still_dead
Receptors_MAPK_4,Epib2ARp2_deph,Km,45,-0.061486,3.3e-05,0.001379,0.061486,sloppy,,PKA/AC,0.00022,marginal_elsewhere
Receptors_MAPK_4,Epib2ARp2+barr2,Kd,45,-0.061487,3.9e-05,0.001381,0.061487,sloppy,,PKA/AC,3.1e-05,still_dead
Receptors_MAPK_4,eGRK5+Iso_b2AR,kcat,45,-0.061495,2.8e-05,0.001381,0.061495,sloppy,,PKA/AC,1.3e-05,still_dead
Receptors_MAPK_5,ngp_deph,Kf,45,-0.061517,0.000337,0.001429,0.061517,sloppy,,,,
Receptors_MAPK_5,b2ARp1barr2craf_dissoc,Kf,45,-0.061535,4.4e-05,0.001384,0.061535,sloppy,,,,
Receptors_MAPK_2,eMKP1+MAPKp,kcat,45,-0.061599,0.030381,0.00563,0.061599,well_identified,,,,
Receptors_eIF4E,ePP2A+4EBPpqr,Km,15,-0.02526,0.063198,0.008869,0.063198,sloppy,,,,
CaM,CaMCa3+Ca,Kd,6,0.0,0.064158,0.020769,0.064158,sloppy,,,,
AMPAR_1,synGAP+PSD95,tau,23,-0.020966,0.064603,0.006749,0.064603,well_identified,,,,
Glu_mGluR_1,ePKC+LRG,Km,21,-0.021341,0.065442,0.004944,0.065442,sloppy,,,,
AMPAR_3,Glu+sAMPARpS845S831,Kd,23,-0.036393,0.06587,0.008366,0.06587,well_identified,,,,
CaMKII_1,eCaMKIIp+CaMKIIp,kcat,11,-0.066505,0.00424,0.006597,0.066505,sloppy,,,,
mGluR_PLCb,Trimerize_Gq,Kf,10,-0.06654,0.057282,0.012386,0.06654,well_identified,,,,
TrKs_PLCg,Ca+PLCgp,Kd,14,-0.030005,0.067008,0.011818,0.067008,sloppy,,,,
TrKs_PLCg,eCaPLCgp+PIP2,Km,14,-0.0,0.067296,0.00945,0.067296,sloppy,,,,
TrKs_PLCg,eCaPLCgp+PIP2,kcat,14,-0.0,0.067826,0.009534,0.067826,sloppy,,,,
DHPG_mGluR_2,DHPGGq_act,Kf,5,-0.071806,0.01415,0.01728,0.071806,sloppy,,,,
AC_1,Gs+AC2,Kd,15,-0.047055,0.072664,0.023467,0.072664,well_identified,,,,
Glu_mGluR_3,Glu+mGluR_Gq,Kd,21,-0.010887,0.073087,0.008613,0.073087,well_identified,,,,
AC_3,Epi_act_Gs,Kf,15,-0.073339,0.041685,0.007668,0.073339,well_identified,,,,
Receptors_AKT,ePI3K+AKT,Km,25,-0.07358,0.043809,0.01995,0.07358,sloppy,,,,
TrKs_PLCg,eCaPLCg+PIP2,Km,14,-0.073595,0.0,0.010577,0.073595,sloppy,,,,
AMPAR_3,to_memb_1,Kd,23,-0.074984,0.020732,0.011576,0.074984,well_identified,,,,
Receptors_MAPK_1,eAKT+Raf,kcat,45,-0.075645,0.03439,0.011723,0.075645,well_identified,,,,
TrKs_PLCg,eCaPLCg+PIP2,kcat,14,-0.075906,0.0,0.0112,0.075906,sloppy,,,,
Receptors_Ras_1,ePKC+GEF,kcat,9,-0.004363,0.076037,0.020689,0.076037,sloppy,,,,
CaMKII_1,eCaMKIIp+CaMKIIp,Km,11,-0.076522,0.000838,0.007113,0.076522,sloppy,,,,
Receptors_AKT,PIP3+PDK1,Kd,25,-0.07665,0.049091,0.019863,0.07665,sloppy,,,,
AC_2,eAC1Gs+ATP,kcat,15,-0.025499,0.076809,0.019635,0.076809,sloppy,,,,
PKA_1,R2C2cAMP+cAMP,tau,9,-0.000273,0.076869,0.011446,0.076869,sloppy,,,,
Receptors_AKT,PIP3+AKT,Kd,25,-0.076891,0.064567,0.01913,0.076891,sloppy,,,,
AMPAR_3,AMPA+sAMPARpS845S831,Kd,23,-0.079775,0.01637,0.005979,0.079775,well_identified,,,,
AMPAR_1,ePKA+intAMPAR,kcat,23,-0.080281,0.021985,0.009196,0.080281,sloppy,,,,
AC_2,CaMCa4+AC1,Kd,15,-0.000452,0.082294,0.005985,0.082294,well_identified,,,,
AMPAR_4,to_memb,tau,23,-0.028677,0.082395,0.009294,0.082395,sloppy,,,,
mGluR_PLCb,ePLCb_Ca+PIP2,Km,10,-0.082489,0.0,0.008715,0.082489,sloppy,,,,
AMPAR_4,ePP1+iAMPARpS845S831,Km,23,-0.08374,0.020898,0.007859,0.08374,sloppy,,,,
Receptors_AKT,ePDK2+AKTp,kcat,25,-0.04058,0.088174,0.009525,0.088174,well_identified,,,,
mGluR_PLCb,ePLCb_Ca+PIP2,kcat,10,-0.088308,0.000553,0.009228,0.088308,sloppy,,,,
AMPAR_3,from_memb2,Kf,23,-0.088774,0.031015,0.014817,0.088774,sloppy,,,,
PLA2_1,ePLA2Ca+APC,kcat,9,-0.056723,0.090236,0.02109,0.090236,well_identified,,,,
Ca,eIP3R+Ca,Km,20,-0.00039,0.090819,0.005225,0.090819,sloppy,,,,
Ca,eIP3R+Ca,kcat,20,-0.000403,0.090819,0.005267,0.090819,sloppy,,,,
AC_2,Gs+AC1,Kd,15,-0.01686,0.091199,0.021877,0.091199,sloppy,,,,
Receptors_S6K,ePDK1+S6K,kcat,26,-0.091431,0.029759,0.009651,0.091431,sloppy,,,,
Receptors_Ras_1,eSHCpSosGrb2+Ras,kcat,9,-0.034332,0.093305,0.02064,0.093305,sloppy,,,,
Ca,eNMDA_NMDAR+Ca,kcat,20,-0.094154,0.0,0.004708,0.094154,sloppy,,,,
Receptors_Ras_1,eCaMGEF+Ras,kcat,9,-0.094443,0.0,0.010976,0.094443,sloppy,,,,
AMPAR_3,from_memb1,Kf,23,-0.096935,0.027872,0.015054,0.096935,sloppy,,,,
PKC,PKC_Ca+AA,Kd,7,-0.098043,0.065448,0.038006,0.098043,well_identified,,,,
AC_2,Epi+RGs,Kd,15,0.0,0.10243,0.013629,0.10243,well_identified,,,,
Receptors_mTOR_S6K,Rheb_act,Kf,5,0.0,0.102926,0.025584,0.102926,well_identified,,,,
Glu_mGluR_1,ePP2A+IntRpS840,kcat,21,-0.049285,0.103484,0.012747,0.103484,well_identified,,,,
Receptors_S6K,eMAPK+S6K,kcat,26,-0.106258,0.065212,0.016761,0.106258,sloppy,,,,
Receptors_Ras_1,GEF_deph,Kf,9,-0.006765,0.110117,0.032827,0.110117,sloppy,,,,
CaM,CaMCa+Ca,Kd,6,0.0,0.111467,0.027432,0.111467,sloppy,,,,
Receptors_protein,elongation,Kd,22,-0.114611,0.05663,0.016444,0.114611,sloppy,,,,
Receptors_protein,activation,Kd,22,-0.115389,0.057661,0.016592,0.115389,sloppy,,,,
Receptors_protein,eTrans+AA,Km,22,-0.115836,0.058278,0.01665,0.115836,sloppy,,,,
Receptors_Ras_2,eGbg+Ras,kcat,9,-0.115849,0.000143,0.026989,0.115849,sloppy,,,,
Receptors_eIF4E,ePP2A+4EBPpq,Km,15,-0.100493,0.116376,0.022295,0.116376,sloppy,,,,
Receptors_MAPK_1,crafpq_deph,kcat,45,-0.118557,0.102347,0.015192,0.118557,well_identified,,,,
PKC,PKC_Ca_to_memb,Kd,7,-0.073762,0.120478,0.060667,0.120478,well_identified,,,,
Ca,eGlu_NMDAR+Ca,kcat,20,-0.120838,0.0,0.011099,0.120838,well_identified,,,,
PLA2_2,PIP2_PLA2_act,Kd,9,-0.122181,0.00801,0.014562,0.122181,sloppy,,,,
CaMKII_1,eCaMCaMKII+CaMKIIp,kcat,11,-0.125403,1e-06,0.012511,0.125403,sloppy,,,,
Receptors_S6K,eMAPK+S6K,Km,26,-0.128525,0.095621,0.021402,0.128525,sloppy,,,,
Receptors_Ras_1,ePKC+GEF,Km,9,-0.008492,0.130518,0.040615,0.130518,sloppy,,,,
Receptors_S6K,ePP2A+S6Kpq,Km,26,-0.133457,0.131002,0.02823,0.133457,sloppy,,,,
TrKs_PLCg,eEGFR+PLCg,kcat,14,-0.043773,0.134,0.024267,0.134,sloppy,,,,
CaMKII_1,CaMCa4+CaMKIIp,Kd,11,-0.134164,0.068587,0.038413,0.134164,well_identified,,,,
Receptors_S6K,bS6K_act,Kf,26,-0.137063,0.137845,0.031097,0.137845,sloppy,,,,
CaM,CaM+Ca,Kd,6,0.0,0.140166,0.035431,0.140166,sloppy,,,,
43S,RM+Q,Kd,5,-0.094396,0.140506,0.04698,0.140506,sloppy,,,,
Glu_mGluR_3,Glu+mGluR,Kd,21,-0.077309,0.141671,0.016345,0.141671,well_identified,,,,
Ca,eGlu_NMDAR+Ca,Km,20,-0.0,0.142075,0.007464,0.142075,sloppy,,,,
CaMKII_1,ePP1+CaMKIIpp,Km,11,-0.142138,0.0,0.012922,0.142138,sloppy,,,,
Receptors_eEF2,ebCaMKIII+eEF2,Km,9,-2.6e-05,0.144086,0.020779,0.144086,sloppy,,,,
Receptors_Ras_1,eGEF+RasGDP,Km,9,-0.009205,0.145923,0.044667,0.145923,sloppy,,,,
barr2,eGRK2+Glu_mGluR5,kcat,4,-0.146252,-0.031446,0.07656,0.146252,well_identified,,,,
AMPAR_3,degradation_1,Kf,23,-0.147094,0.019723,0.013732,0.147094,well_identified,,,,
Receptors_eIF4E,emTORC1+4EBP,Km,15,-0.149355,0.003509,0.010769,0.149355,sloppy,,,,
Receptors_S6K,ePDK1+S6K,Km,26,-0.04992,0.152139,0.013864,0.152139,sloppy,,,,
43S,QR+M,Kd,5,-0.015524,0.152381,0.033581,0.152381,sloppy,,,,
PKA_1,R2C2cAMP2+cAMP,tau,9,-0.000445,0.153412,0.027441,0.153412,sloppy,,,,
barr2,GRK2_antag,Kf,4,-0.155431,-0.016005,0.060023,0.155431,sloppy,,,,
barr2,GRK2_Gq_inact,Kf,4,-0.155431,-0.016005,0.060023,0.155431,sloppy,,,,
AC_1,eCaM_PDE1+cAMP,kcat,15,-0.156583,0.030521,0.01484,0.156583,sloppy,,,,
Receptors_PI3K_1,PI3K+RasGTP,Kd,9,0.0,0.157546,0.019253,0.157546,sloppy,,,,
PKA_1,Release_C1,tau,9,-0.000343,0.160646,0.030362,0.160646,sloppy,,,,
Receptors_AKT,ePDK2+AKTp,Km,25,-0.163393,0.146639,0.019525,0.163393,well_identified,,,,
mGluR_PLCb,bGq_act,Kf,10,0.0,0.164471,0.037067,0.164471,sloppy,,,,
EGFR,EGF+EGFR,tau,24,-0.147231,0.165218,0.063113,0.165218,well_identified,,,,
DHPG_mGluR_2,DHPG_mGluR+Gq,Kd,5,-0.16716,0.043472,0.042586,0.16716,sloppy,,,,
mGluR_PLCb,Gq_deph,Kf,10,0.0,0.168782,0.029119,0.168782,sloppy,,,,
mGluR_PLCb,PLC_Ca+Gq,Kd,10,0.0,0.171088,0.028212,0.171088,sloppy,,,,
TrKs_SHC,eEGFR+SHC,kcat,4,-0.002684,0.17144,0.078845,0.17144,sloppy,,,,
AC_1,eCaM_PDE1+cAMP,Km,15,-0.172443,0.034359,0.017174,0.172443,sloppy,,,,
mGluR_PLCb,PLC_Gq+Ca,Kd,10,-0.027675,0.17563,0.035806,0.17563,sloppy,,,,
NMDAR,Glu+NMDAR,Kd,5,-0.175698,0.020486,0.039271,0.175698,sloppy,,,,
HomerPIKE_1,eHomerPIKEPI3K+PIP2,kcat,4,-0.176178,0.0,0.067702,0.176178,sloppy,,,,
CaMKII_1,eCaMCaMKII+CaMKIIp,Km,11,-0.17844,1e-06,0.017826,0.17844,sloppy,,,,
CaMKIII,eS6Kpqrs+CaMKIII,Km,9,-0.179523,0.0,0.019984,0.179523,sloppy,,,,
mGluR_PLCb,PLC_CaGq_inact,Kf,10,0.0,0.182855,0.032383,0.182855,sloppy,,,,
mGluR_PLCb,ePLCb_Ca_Gq+PIP2,Km,10,-0.007099,0.185299,0.035583,0.185299,sloppy,,,,
PKC,PKC+Ca,Kd,7,-0.086698,0.186009,0.086633,0.186009,well_identified,,,,
PKA_1,R2C2cAMP3+cAMP,tau,9,-0.000493,0.186964,0.036653,0.186964,sloppy,,,,
mGluR_PLCb,ePLCb_Ca_Gq+PIP2,kcat,10,-0.00158,0.189591,0.035595,0.189591,sloppy,,,,
PKC,PKC+DAG,Kd,7,-0.196102,0.0368,0.034483,0.196102,sloppy,,,,
Receptors_protein,ebTrans+AA,Km,22,-0.037364,0.198383,0.022114,0.198383,sloppy,,,,
Receptors_MAPK_1,mGluR_barr2+Raf,Kd,45,-0.080165,0.199093,0.016699,0.199093,well_identified,,,,
Receptors_eEF2,CaMKIIIp_deph,Kf,9,-0.199181,0.003537,0.026232,0.199181,sloppy,,,,
HomerPIKE_1,PIKE+Glu_mGluR_Homer,Kd,4,-0.203451,0.0,0.090801,0.203451,sloppy,,,,
HomerPIKE_1,PI3K+Glu_mGluR_HomerPIKE,Kd,4,-0.205466,0.0,0.09103,0.205466,sloppy,,,,
PLA2_1,ePLA2PIP2+APC,kcat,9,-0.207918,0.0,0.024826,0.207918,sloppy,,,,
HomerPIKE_1,eHomerPIKEPI3K+PIP2,Km,4,-0.209764,0.0,0.090584,0.209764,sloppy,,,,
Receptors_S6K,emTORC1+S6K,Km,26,-0.210277,0.108118,0.030282,0.210277,sloppy,,,,
AC_3,Gs_inact,Kf,15,-0.210648,0.115644,0.045946,0.210648,well_identified,,,,
TrKs_SHC,eTrKB+SHC,Km,4,-0.210973,0.0,0.052743,0.210973,sloppy,,,,
PLA2_2,ePLA2PIP2+APC,Km,9,-0.213319,0.013933,0.025353,0.213319,sloppy,,,,
Receptors_MAPK_2,ecraf+MAPKK,Km,45,-0.200669,0.217348,0.032441,0.217348,sloppy,,,,
Receptors_eEF2,eCaMKIII+eEF2,kcat,9,-0.219395,5.1e-05,0.059694,0.219395,well_identified,,,,
AC_2,bGs_act,Kf,15,-0.221091,0.160538,0.046963,0.221091,well_identified,,,,
PLA2_1,ePLA2Ca+APC,Km,9,-0.011406,0.224569,0.065255,0.224569,well_identified,,,,
Receptors_Ras_1,esynGAP+RasGTP,Km,9,-0.226274,0.139728,0.12123,0.226274,well_identified,,,,
Receptors_S6K,emTORC1+S6K,kcat,26,-0.15963,0.234531,0.048588,0.234531,well_identified,,,,
TrKs_PLCg,eTrKB+PLCg,Km,14,-0.031403,0.236057,0.019105,0.236057,sloppy,,,,
PLA2_1,PIP2_CaPLA2p_act,tau,9,0.0,0.23665,0.050542,0.23665,well_identified,,,,
Receptors_MAPK_2,ecraf+MAPKKp,Km,45,-0.163935,0.239107,0.030588,0.239107,sloppy,,,,
PKC,PKC_DAG+AA,Kd,7,-0.23934,0.074267,0.044801,0.23934,sloppy,,,,
Receptors_eIF4E,emTORC1+eIF4E_4EBP,Km,15,-0.239469,0.144222,0.035603,0.239469,sloppy,,,,
Receptors_Ras_1,eSHCpSosGrb2+Ras,Km,9,-0.242443,0.14174,0.072718,0.242443,well_identified,,,,
Receptors_MAPK_1,Raf1_deph,Km,45,-0.246672,0.117997,0.037222,0.246672,well_identified,,,,
PKC,PKC_Ca+AA,tau,7,-0.248914,9.6e-05,0.037161,0.248914,sloppy,,,,
PKC,PKC_DAG_AA_act,Kd,7,-0.25213,0.083274,0.047915,0.25213,sloppy,,,,
PKA_1,R2C2cAMP2+cAMP,Kd,9,-0.045841,0.253456,0.078876,0.253456,sloppy,,,,
NMDAR,eAMPAR+Glu_NMDAR,kcat,5,-0.254846,0.052499,0.061469,0.254846,sloppy,,,,
Glu_mGluR_1,ePP2A+IntRpS840,Km,21,-0.036056,0.256803,0.030544,0.256803,well_identified,,,,
PKA_1,R2C2+cAMP,Kd,9,-0.165986,0.257809,0.106152,0.257809,sloppy,,,,
PKC,bPKC_act,Kd,7,-0.192624,0.264245,0.165345,0.264245,well_identified,,,,
PKA_1,R2C2cAMP+cAMP,Kd,9,-0.018587,0.266593,0.084987,0.266593,sloppy,,,,
PKA_1,R2C2cAMP3+cAMP,Kd,9,-0.096405,0.278801,0.09133,0.278801,sloppy,,,,
TrKB,TrKB_cycling,Kf,20,-0.27992,0.1359,0.076779,0.27992,well_identified,,,,
TrKB,TrKBdimeriz,Kd,20,-0.284896,0.167772,0.091247,0.284896,well_identified,,,,
PLA2_1,PLA2_Ca_act,Kd,9,-0.213883,0.285495,0.080326,0.285495,well_identified,,,,
Receptors_S6K,ePP2A+S6Kpqr,Km,26,-0.207601,0.286435,0.054779,0.286435,well_identified,,,,
TrKs_PLCg,PLCgp_deph,Kf,14,-0.287051,0.108686,0.055864,0.287051,sloppy,,,,
PLA2_1,PIP2_CaPLA2p_act,Kd,9,-0.055375,0.288253,0.098735,0.288253,sloppy,,,,
CaMKII_2,eCaMCaMKII+CaMCaMKII,Km,11,-0.042271,0.291225,0.036866,0.291225,sloppy,,,,
PLA2_1,ePLA2PIP2Ca+APC,kcat,9,-0.0327,0.296025,0.088781,0.296025,sloppy,,,,
NMDAR,NMDA+NMDAR,Kd,5,-0.29753,0.0,0.176171,0.29753,sloppy,,,,
PLA2_1,ePLA2PIP2Ca+APC,Km,9,-0.030722,0.298112,0.093038,0.298112,sloppy,,,,
Receptors_eEF2,eCaMKIII+eEF2,Km,9,-0.302025,5.1e-05,0.10875,0.302025,well_identified,,,,
Receptors_MAPK_1,crafpq_deph,Km,45,-0.302743,0.065069,0.046818,0.302743,well_identified,,,,
Receptors_MAPK_1,eMAPKK+MAPKp,kcat,45,-0.260812,0.308738,0.062566,0.308738,well_identified,,,,
Receptors_PI3K_1,ePTEN+PIP3,Km,9,-7.3e-05,0.310247,0.034631,0.310247,well_identified,,,,
Receptors_eEF2,ePP2A+eEF2p,kcat,9,-0.012773,0.31479,0.052488,0.31479,well_identified,,,,
AMPAR_3,eCaMKII+synGAP_PDZ,Km,23,-0.172748,0.316747,0.037066,0.316747,well_identified,,,,
TrKB,TrKB_Internalize,Kf,20,-0.124309,0.319093,0.060752,0.319093,well_identified,,,,
CaMKII_1,ePP1+CaMKIIpppc,Km,11,-0.319857,0.0,0.029078,0.319857,sloppy,,,,
TrKs_PLCg,Ca+PLCg,Kd,14,-0.081597,0.323686,0.103781,0.323686,well_identified,,,,
Receptors_MAPK_2,ePKC+craf,kcat,45,-0.13429,0.327537,0.039195,0.327537,well_identified,,,,
TrKB,BDNF+TrKB,tau,20,-0.330529,0.288893,0.096029,0.330529,well_identified,,,,
EGFR,EGFR_recycling,Kf,24,-0.070038,0.335184,0.076456,0.335184,well_identified,,,,
Receptors_MAPK_5,eMAPK+crafp,kcat,45,-0.062264,0.3378,0.012623,0.3378,sloppy,,,,
Glu_mGluR_3,Glu_mGluR+Gq,Kd,21,-0.092054,0.337825,0.044747,0.337825,sloppy,,,,
Receptors_S6K,ePP2A+S6Kpqrs,Km,26,-0.342522,0.260286,0.074076,0.342522,well_identified,,,,
Receptors_MAPK_5,eMAPK+crafp,Km,45,-0.062309,0.346648,0.013215,0.346648,sloppy,,,,
AMPAR_3,synGAP_deph,Kf,23,-0.283634,0.349335,0.055498,0.349335,well_identified,,,,
Receptors_Ras_1,eGEF+RasGDP,kcat,9,-0.349345,0.141167,0.139163,0.349345,well_identified,,,,
Receptors_MAPK_5,ePKC+craf,Km,45,-0.274868,0.356319,0.047498,0.356319,well_identified,,,,
Receptors_Ras_1,ebGEF+Ras,kcat,9,-0.362629,0.083612,0.092759,0.362629,sloppy,,,,
4EBP,eIF4E+4EBP,tau,5,0.0,0.364936,0.072987,0.364936,sloppy,,,,
CaMKIII,CaMCa4+CaMKIII,Kd,9,-0.36922,0.322776,0.081318,0.36922,well_identified,,,,
DHPG_mGluR_2,DHPG+mGluR_Gq,Kd,5,-0.369293,0.024721,0.078893,0.369293,sloppy,,,,
EGFR,EGF+EGFR,Kd,24,-0.043672,0.383309,0.173871,0.383309,well_identified,,,,
barr2,LRpT840+barr2,Kd,4,0.005346,0.386941,0.105068,0.386941,well_identified,,,,
CaMKII_2,CaMCa4+CaMKII,tau,11,-0.001213,0.387244,0.037027,0.387244,sloppy,,,,
AMPAR_2,eCaMKIIp+synGAP_PSD,Km,23,-0.388047,0.018365,0.036714,0.388047,well_identified,,,,
Receptors_AKT,ePP2A+AKTp,Km,25,-0.388643,0.11322,0.06476,0.388643,sloppy,,,,
EGFR,EGFR_Internalize,Kf,24,-0.388955,0.379266,0.222261,0.388955,well_identified,,,,
Receptors_MAPK_1,eRas+MAPKK,Km,45,-0.390372,0.113867,0.065707,0.390372,sloppy,,,,
b2AR,Iso+RGs,Kd,3,-0.39295,0.037485,0.149886,0.39295,sloppy,,,,
NMDAR,eAMPAR+Glu_NMDAR,Km,5,-0.393517,0.0,0.154118,0.393517,sloppy,,,,
43S,R+M,Kd,5,-0.396667,0.0,0.098223,0.396667,sloppy,,,,
barr2,eGRK2+Glu_mGluR5,Km,4,-0.416812,-0.065697,0.200868,0.416812,sloppy,,,,
Receptors_AKT,ePP2A+AKTpq,Km,25,-0.417045,0.1037,0.063071,0.417045,sloppy,,,,
Receptors_eIF4E,eMAPK+4EBPpq,Km,15,-0.427957,0.059465,0.038827,0.427957,sloppy,,,,
Receptors_MAPK_5,eMAPKK+MAPK,Km,45,-0.298233,0.432321,0.057035,0.432321,sloppy,,,,
Receptors_MAPK_5,eMAPKK+MAPKp,Km,45,-0.36354,0.432387,0.047596,0.432387,sloppy,,,,
TrKB,BDNF+TrKB,Kd,20,-0.248598,0.442005,0.146884,0.442005,well_identified,,,,
Ras,eGAP+Ras,Km,5,-0.443716,0.0,0.088743,0.443716,sloppy,,,,
AMPAR_2,synGAP+PSD95,Kd,23,-0.014554,0.450788,0.032018,0.450788,well_identified,,,,
TrKs_PLCg,eEGFR+PLCg,Km,14,-0.455564,0.005559,0.064574,0.455564,sloppy,,,,
Receptors_PI3K_1,SHCp+Grb2,Kd,9,-0.456552,0.0,0.054129,0.456552,sloppy,,,,
Glu_mGluR_2,mGluR5_recycling,Kd,21,-0.465434,0.103796,0.03537,0.465434,well_identified,,,,
CaMKII_1,CaMCa4+CaMKII,Kd,11,-0.472674,0.42193,0.096952,0.472674,well_identified,,,,
Receptors_MAPK_2,eRas+MAPKK,kcat,45,-0.473067,0.311131,0.099299,0.473067,well_identified,,,,
Receptors_MAPK_2,Ras+craf,Kd,45,-0.479674,0.303305,0.080572,0.479674,well_identified,,,,
Ras,bRasGTP_deph,Kf,5,0.0,0.479855,0.187045,0.479855,well_identified,,,,
4EBP,eIF4E+4EBP,Kd,5,0.0,0.49236,0.098472,0.49236,sloppy,,,,
Receptors_MAPK_1,eMAPKK+MAPK,kcat,45,-0.494495,0.315263,0.104637,0.494495,sloppy,,,,
CaMKII_2,bCaMKII+CaMKII,Kf,11,-0.501142,0.425092,0.141578,0.501142,well_identified,,,,
Receptors_MAPK_1,eRas+MAPKKp,Km,45,-0.504506,0.158126,0.078443,0.504506,sloppy,,,,
Receptors_MAPK_1,craf_deph,Km,45,-0.509404,0.31553,0.116888,0.509404,sloppy,,,,
Receptors_MAPK_1,eRas+MAPKKp,kcat,45,-0.516586,0.33096,0.110612,0.516586,sloppy,,,,
TSC1_2,eTSC1_2+RhebGTP,kcat,5,-0.112846,0.516853,0.236555,0.516853,sloppy,,,,
Receptors_PI3K_1,SHCpGrb2Gab1+PI3K,Kd,9,-0.532565,0.0,0.062641,0.532565,sloppy,,,,
DHPG_mGluR_2,DHPG+mGluR,Kd,5,-0.532921,0.013788,0.119633,0.532921,well_identified,,,,
Receptors_MAPK_2,ecraf+MAPKK,kcat,45,-0.541262,0.314419,0.104111,0.541262,sloppy,,,,
Receptors_MAPK_2,ePP2A+MAPKKp,kcat,45,-0.545959,0.318722,0.096485,0.545959,sloppy,,,,
Receptors_MAPK_2,eMKP1+MAPKp,Km,45,-0.546084,0.342368,0.097443,0.546084,sloppy,,,,
barr2,GRK2+bg,Kd,4,-0.54724,0.115467,0.202359,0.54724,sloppy,,,,
Ca,IP3Ract,tau,20,-0.558144,0.090819,0.033163,0.558144,well_identified,,,,
TSC1_2,eTSC1_2+RhebGTP,Km,5,-0.094225,0.608458,0.261807,0.608458,sloppy,,,,
Receptors_MAPK_1,ePP2A+MAPKKp,Km,45,-0.608577,0.316643,0.105927,0.608577,sloppy,,,,
Receptors_eEF2,ePP2A+eEF2p,Km,9,-0.20202,0.623387,0.117709,0.623387,well_identified,,,,
Receptors_MAPK_2,eMKP1+MAPKpq,Km,45,-0.631146,0.289624,0.102767,0.631146,well_identified,,,,
Receptors_MAPK_1,craf_deph,kcat,45,-0.640971,0.31566,0.111659,0.640971,sloppy,,,,
Receptors_MAPK_2,ecraf+MAPKKp,kcat,45,-0.658397,0.314985,0.110801,0.658397,sloppy,,,,
Receptors_MAPK_1,ePP2A+MAPKKpq,kcat,45,-0.660348,0.323238,0.09473,0.660348,sloppy,,,,
Receptors_MAPK_2,ePP2A+MAPKKpq,Km,45,-0.691509,0.317583,0.097292,0.691509,sloppy,,,,
TrKs_SHC,SHCp_deph,Kf,4,0.000324,0.707064,0.35474,0.707064,sloppy,,,,
TrKs_SHC,eEGFR+SHC,Km,4,-0.088105,0.732609,0.387615,0.732609,sloppy,,,,
HomerPIKE_1,Glu+mGluR_Homer,tau,4,-1.496867,0.0,1.044641,1.496867,sloppy,,,,
HomerPIKE_1,Glu+mGluR_Homer,Kd,4,-1.496867,0.0,1.044641,1.496867,sloppy,,,,
HomerPIKE_1,DHPG+mGluR_Homer,tau,4,-1.496867,0.0,1.044641,1.496867,sloppy,,,,
HomerPIKE_1,DHPG+mGluR_Homer,Kd,4,-1.496867,0.0,1.044641,1.496867,sloppy,,,,
HomerPIKE_1,mGluR+Homer,Kd,4,-1.496867,0.0,1.044641,1.496867,sloppy,,,,
HomerPIKE_1,mGluR+Homer,tau,4,-1.496867,0.0,1.044641,1.496867,sloppy,,,,
Glu_mGluR_3,ePKC+RpS870G,kcat,21,-1.745355,0.0,0.894987,1.745355,sloppy,,,,
Glu_mGluR_3,ePKC+RpS870G,Km,21,-1.745355,0.0,0.894987,1.745355,sloppy,,,,
Glu_mGluR_3,ePKC+RpS870,kcat,21,-1.745355,0.0,0.894987,1.745355,sloppy,,,,
Glu_mGluR_3,ePKC+RpS870,Km,21,-1.745355,0.0,0.894987,1.745355,sloppy,,,,
Glu_mGluR_3,ePKC+LRpS870,kcat,21,-1.745355,0.0,0.894987,1.745355,sloppy,,,,
Glu_mGluR_3,ePKC+LRpS870,Km,21,-1.745355,0.0,0.894987,1.745355,sloppy,,,,
Glu_mGluR_3,ePKC+RG,kcat,21,-1.745355,0.0,0.894987,1.745355,sloppy,,,,
Glu_mGluR_3,ePKC+RG,Km,21,-1.745355,0.0,0.894987,1.745355,sloppy,,,,
Glu_mGluR_3,ePKC+LR,Km,21,-1.745355,0.0,0.894987,1.745355,sloppy,,,,
Glu_mGluR_3,ePKC+LR,kcat,21,-1.745355,0.0,0.894987,1.745355,sloppy,,,,
DHPG_mGluR_1,ePKC+DHPGR,kcat,5,-1.81066,-1.353967,1.549206,1.81066,well_identified,,,,
DHPG_mGluR_2,ePKC+DHPGR,Km,5,-1.81066,-1.353967,1.549206,1.81066,sloppy,,,,
DHPG_mGluR_2,ePKC+DHPGRpS870,Km,5,-1.81066,-1.353967,1.549206,1.81066,sloppy,,,,
DHPG_mGluR_2,ePKC+DHPGRpS870,kcat,5,-1.81066,-1.353967,1.549206,1.81066,sloppy,,,,
