leaf,field,group,block,path,status,in_legacy_params_csv
NMDA+NMDAR,Kd,Receptors,NMDAR,/model[0]/kinetics[0]/NMDAR_g[0]/NMDA_act_NMDAR,resolved,False
NMDA+NMDAR,tau,Receptors,NMDAR,/model[0]/kinetics[0]/NMDAR_g[0]/NMDA_act_NMDAR,resolved,False
Glu+NMDAR,Kd,Receptors,NMDAR,/model[0]/kinetics[0]/NMDAR_g[0]/Glu_act_NMDAR,resolved,True
Glu+NMDAR,tau,Receptors,NMDAR,/model[0]/kinetics[0]/NMDAR_g[0]/Glu_act_NMDAR,resolved,True
NMDAR_inact,Kf,Receptors,NMDAR,/model[0]/kinetics[0]/NMDAR_g[0]/NMDAR_inact,resolved,True
eAMPAR+Glu_NMDAR,Km,Receptors,NMDAR,/model[0]/kinetics[0]/AMPAR_g[0]/aAMPAR[0]/synAct_act_Glu_NMDAR,resolved,True
eAMPAR+Glu_NMDAR,kcat,Receptors,NMDAR,/model[0]/kinetics[0]/AMPAR_g[0]/aAMPAR[0]/synAct_act_Glu_NMDAR,resolved,True
BDNF+TrKB,Kd,Receptors,TrKB,/model[0]/kinetics[0]/TrKB_g[0]/Ligand_binding,resolved,True
BDNF+TrKB,tau,Receptors,TrKB,/model[0]/kinetics[0]/TrKB_g[0]/Ligand_binding,resolved,True
TrKBdimeriz,Kd,Receptors,TrKB,/model[0]/kinetics[0]/TrKB_g[0]/Dimeriz_TrKB,resolved,True
TrKBdimeriz,tau,Receptors,TrKB,/model[0]/kinetics[0]/TrKB_g[0]/Dimeriz_TrKB,resolved,True
auto_TrKB,Kf,Receptors,TrKB,/model[0]/kinetics[0]/TrKB_g[0]/Autophos_TrKB,resolved,True
TrKB_Internalize,Kf,Receptors,TrKB,/model[0]/kinetics[0]/TrKB_g[0]/LR_Internalize,resolved,True
TrKB_cycling,Kf,Receptors,TrKB,/model[0]/kinetics[0]/TrKB_g[0]/LR_cycling,resolved,True
IntTrKB2_deph,Kf,Receptors,TrKB,/model[0]/kinetics[0]/TrKB_g[0]/IntTrKB2_deph,resolved,True
EGF+EGFR,Kd,Receptors,EGFR,/model[0]/kinetics[0]/EGFR_g[0]/act_EGFR,resolved,True
EGF+EGFR,tau,Receptors,EGFR,/model[0]/kinetics[0]/EGFR_g[0]/act_EGFR,resolved,True
EGFR_Internalize,Kf,Receptors,EGFR,/model[0]/kinetics[0]/EGFR_g[0]/Internalize,resolved,True
EGFR_recycling,Kf,Receptors,EGFR,/model[0]/kinetics[0]/EGFR_g[0]/EGFR_recycling,resolved,True
Glu+mGluR,Kd,Receptors,Glu_mGluR,/model[0]/kinetics[0]/mGluR5_g[0]/RecLigandBinding,resolved,True
Glu+mGluR,tau,Receptors,Glu_mGluR,/model[0]/kinetics[0]/mGluR5_g[0]/RecLigandBinding,resolved,True
Glu+mGluR_Gq,Kd,Receptors,Glu_mGluR,/model[0]/kinetics[0]/mGluR5_g[0]/RecGq_bind_Glu,resolved,True
Glu+mGluR_Gq,tau,Receptors,Glu_mGluR,/model[0]/kinetics[0]/mGluR5_g[0]/RecGq_bind_Glu,resolved,True
mGluR5_recycling,Kd,Receptors,Glu_mGluR,/model[0]/kinetics[0]/mGluR5_g[0]/mGluR5_recycling,resolved,False
mGluR5_recycling,tau,Receptors,Glu_mGluR,/model[0]/kinetics[0]/mGluR5_g[0]/mGluR5_recycling,resolved,False
Glu_mGluR+Gq,Kd,Receptors,Glu_mGluR,/model[0]/kinetics[0]/mGluR5_g[0]/RecGlu_bind_Gq,resolved,True
Glu_mGluR+Gq,tau,Receptors,Glu_mGluR,/model[0]/kinetics[0]/mGluR5_g[0]/RecGlu_bind_Gq,resolved,True
GluGq_act,Kf,Receptors,Glu_mGluR,/model[0]/kinetics[0]/mGluR5_g[0]/Activate_Gq,resolved,True
mGluR5_Internalize,Kf,Receptors,Glu_mGluR,/model[0]/kinetics[0]/mGluR5_g[0]/Internalize_Rec,resolved,True
RpS870+Glu,Kd,Receptors,Glu_mGluR,/model[0]/kinetics[0]/mGluR5_g[0]/RecpS870_bind_Glu,resolved,True
RpS870+Glu,tau,Receptors,Glu_mGluR,/model[0]/kinetics[0]/mGluR5_g[0]/RecpS870_bind_Glu,resolved,True
RpS870Glu+Gq,Kd,Receptors,Glu_mGluR,/model[0]/kinetics[0]/mGluR5_g[0]/RecpS870Glu_bind_Gq,resolved,True
RpS870Glu+Gq,tau,Receptors,Glu_mGluR,/model[0]/kinetics[0]/mGluR5_g[0]/RecpS870Glu_bind_Gq,resolved,True
RpS870Gq+Glu,Kd,Receptors,Glu_mGluR,/model[0]/kinetics[0]/mGluR5_g[0]/RecpS870Gq_bind_Glu,resolved,True
RpS870Gq+Glu,tau,Receptors,Glu_mGluR,/model[0]/kinetics[0]/mGluR5_g[0]/RecpS870Gq_bind_Glu,resolved,True
GluRpS870G_act,Kf,Receptors,Glu_mGluR,/model[0]/kinetics[0]/mGluR5_g[0]/GluRpS870G_act,resolved,True
ePP2A+RpS870,Km,Receptors,Glu_mGluR,/model[0]/kinetics[0]/Phosphatase_g[0]/PP2A[0]/RpS870_dephospho,resolved,True
ePP2A+RpS870,kcat,Receptors,Glu_mGluR,/model[0]/kinetics[0]/Phosphatase_g[0]/PP2A[0]/RpS870_dephospho,resolved,True
ePP2A+RpS870G,Km,Receptors,Glu_mGluR,/model[0]/kinetics[0]/Phosphatase_g[0]/PP2A[0]/RpS870G_dephospho,resolved,True
ePP2A+RpS870G,kcat,Receptors,Glu_mGluR,/model[0]/kinetics[0]/Phosphatase_g[0]/PP2A[0]/RpS870G_dephospho,resolved,True
ePP2A+LRpS870G,Km,Receptors,Glu_mGluR,/model[0]/kinetics[0]/Phosphatase_g[0]/PP2A[0]/LRpS870G_dephospho,resolved,True
ePP2A+LRpS870G,kcat,Receptors,Glu_mGluR,/model[0]/kinetics[0]/Phosphatase_g[0]/PP2A[0]/LRpS870G_dephospho,resolved,True
ePP2A+LRpS870,Km,Receptors,Glu_mGluR,/model[0]/kinetics[0]/Phosphatase_g[0]/PP2A[0]/LRpS870_dephospho,resolved,True
ePP2A+LRpS870,kcat,Receptors,Glu_mGluR,/model[0]/kinetics[0]/Phosphatase_g[0]/PP2A[0]/LRpS870_dephospho,resolved,True
ePKC+mGluR,Km,Receptors,Glu_mGluR,/model[0]/kinetics[0]/PKC_g[0]/PKC_active[0]/mGluR_phos_S901,resolved,True
ePKC+mGluR,kcat,Receptors,Glu_mGluR,/model[0]/kinetics[0]/PKC_g[0]/PKC_active[0]/mGluR_phos_S901,resolved,True
ePKC+LR,Km,Receptors,Glu_mGluR,,not_found_in_model,True
ePKC+LR,kcat,Receptors,Glu_mGluR,,not_found_in_model,True
ePKC+LRG,Km,Receptors,Glu_mGluR,/model[0]/kinetics[0]/PKC_g[0]/PKC_active[0]/LRG_phos_S901,resolved,False
ePKC+LRG,kcat,Receptors,Glu_mGluR,/model[0]/kinetics[0]/PKC_g[0]/PKC_active[0]/LRG_phos_S901,resolved,False
ePKC+RG,Km,Receptors,Glu_mGluR,,not_found_in_model,False
ePKC+RG,kcat,Receptors,Glu_mGluR,,not_found_in_model,False
ePKC+LRpS870,Km,Receptors,Glu_mGluR,,not_found_in_model,False
ePKC+LRpS870,kcat,Receptors,Glu_mGluR,,not_found_in_model,False
ePKC+LRpS870G,Km,Receptors,Glu_mGluR,/model[0]/kinetics[0]/PKC_g[0]/PKC_active[0]/LRpS870G_phos_S901,resolved,False
ePKC+LRpS870G,kcat,Receptors,Glu_mGluR,/model[0]/kinetics[0]/PKC_g[0]/PKC_active[0]/LRpS870G_phos_S901,resolved,False
ePKC+RpS870,Km,Receptors,Glu_mGluR,,not_found_in_model,False
ePKC+RpS870,kcat,Receptors,Glu_mGluR,,not_found_in_model,False
ePKC+RpS870G,Km,Receptors,Glu_mGluR,,not_found_in_model,False
ePKC+RpS870G,kcat,Receptors,Glu_mGluR,,not_found_in_model,False
ePP2A+RpS870S901,Km,Receptors,Glu_mGluR,/model[0]/kinetics[0]/Phosphatase_g[0]/PP2A[0]/RpS870S901_dephospho,resolved,True
ePP2A+RpS870S901,kcat,Receptors,Glu_mGluR,/model[0]/kinetics[0]/Phosphatase_g[0]/PP2A[0]/RpS870S901_dephospho,resolved,True
ePP2A+RpS870S901G,Km,Receptors,Glu_mGluR,/model[0]/kinetics[0]/Phosphatase_g[0]/PP2A[0]/RpS870S901G_dephospho,resolved,True
ePP2A+RpS870S901G,kcat,Receptors,Glu_mGluR,/model[0]/kinetics[0]/Phosphatase_g[0]/PP2A[0]/RpS870S901G_dephospho,resolved,True
ePKA+GluRG,Km,Receptors,Glu_mGluR,/model[0]/kinetics[0]/PKA_g[0]/PKA_active[0]/PKA_act_GluRG,resolved,False
ePKA+GluRG,kcat,Receptors,Glu_mGluR,/model[0]/kinetics[0]/PKA_g[0]/PKA_active[0]/PKA_act_GluRG,resolved,False
ePKA+GluR,Km,Receptors,Glu_mGluR,/model[0]/kinetics[0]/PKA_g[0]/PKA_active[0]/PKA_act_GluR,resolved,True
ePKA+GluR,kcat,Receptors,Glu_mGluR,/model[0]/kinetics[0]/PKA_g[0]/PKA_active[0]/PKA_act_GluR,resolved,True
ePKA+RG,Km,Receptors,Glu_mGluR,/model[0]/kinetics[0]/PKA_g[0]/PKA_active[0]/PKA_act_RG,resolved,True
ePKA+RG,kcat,Receptors,Glu_mGluR,/model[0]/kinetics[0]/PKA_g[0]/PKA_active[0]/PKA_act_RG,resolved,True
ePKA+R,Km,Receptors,Glu_mGluR,/model[0]/kinetics[0]/PKA_g[0]/PKA_active[0]/PKA_act_R,resolved,True
ePKA+R,kcat,Receptors,Glu_mGluR,/model[0]/kinetics[0]/PKA_g[0]/PKA_active[0]/PKA_act_R,resolved,True
ePP2A+IntRpS901,Km,Receptors,Glu_mGluR,/model[0]/kinetics[0]/Phosphatase_g[0]/PP2A[0]/IntmGluRpS901_dephosph,resolved,True
ePP2A+IntRpS901,kcat,Receptors,Glu_mGluR,/model[0]/kinetics[0]/Phosphatase_g[0]/PP2A[0]/IntmGluRpS901_dephosph,resolved,True
ePP2A+IntRpS840,Km,Receptors,Glu_mGluR,/model[0]/kinetics[0]/Phosphatase_g[0]/PP2A[0]/IntmGluRpT840_dephosph,resolved,True
ePP2A+IntRpS840,kcat,Receptors,Glu_mGluR,/model[0]/kinetics[0]/Phosphatase_g[0]/PP2A[0]/IntmGluRpT840_dephosph,resolved,True
Gq_release,Kf,Receptors,Glu_mGluR,/model[0]/kinetics[0]/mGluR5_g[0]/Gq_release,resolved,True
DHPG_mGluR+Gq,Kd,Receptors,DHPG_mGluR,/model[0]/kinetics[0]/DHPG_mGluR_g[0]/DHPG_Rec_bind_Gq,resolved,True
DHPG_mGluR+Gq,tau,Receptors,DHPG_mGluR,/model[0]/kinetics[0]/DHPG_mGluR_g[0]/DHPG_Rec_bind_Gq,resolved,True
DHPG+mGluR,Kd,Receptors,DHPG_mGluR,/model[0]/kinetics[0]/DHPG_mGluR_g[0]/DHPG_bind_mGluR,resolved,True
DHPG+mGluR,tau,Receptors,DHPG_mGluR,/model[0]/kinetics[0]/DHPG_mGluR_g[0]/DHPG_bind_mGluR,resolved,True
DHPG+mGluR_Gq,Kd,Receptors,DHPG_mGluR,/model[0]/kinetics[0]/DHPG_mGluR_g[0]/DHPG_bind_RecGq,resolved,True
DHPG+mGluR_Gq,tau,Receptors,DHPG_mGluR,/model[0]/kinetics[0]/DHPG_mGluR_g[0]/DHPG_bind_RecGq,resolved,True
DHPGGq_act,Kf,Receptors,DHPG_mGluR,/model[0]/kinetics[0]/DHPG_mGluR_g[0]/DHPG_Activate_Gq,resolved,True
RpS870+DHPG,Kd,Receptors,DHPG_mGluR,/model[0]/kinetics[0]/DHPG_mGluR_g[0]/DHPG_bind_RecpS870,resolved,True
RpS870+DHPG,tau,Receptors,DHPG_mGluR,/model[0]/kinetics[0]/DHPG_mGluR_g[0]/DHPG_bind_RecpS870,resolved,True
RpS870DHPG+Gq,Kd,Receptors,DHPG_mGluR,/model[0]/kinetics[0]/DHPG_mGluR_g[0]/DHPG_RecpS870_bind_Gq,resolved,True
RpS870DHPG+Gq,tau,Receptors,DHPG_mGluR,/model[0]/kinetics[0]/DHPG_mGluR_g[0]/DHPG_RecpS870_bind_Gq,resolved,True
RpS870Gq+DHPG,Kd,Receptors,DHPG_mGluR,/model[0]/kinetics[0]/DHPG_mGluR_g[0]/DHPG_bind_RecpS870_Gq,resolved,True
RpS870Gq+DHPG,tau,Receptors,DHPG_mGluR,/model[0]/kinetics[0]/DHPG_mGluR_g[0]/DHPG_bind_RecpS870_Gq,resolved,True
DHPGRpS870G_act,Kf,Receptors,DHPG_mGluR,/model[0]/kinetics[0]/DHPG_mGluR_g[0]/DHPGRpS870G_act,resolved,True
ePKA+DHPGRG,Km,Receptors,DHPG_mGluR,/model[0]/kinetics[0]/PKA_g[0]/PKA_active[0]/PKA_act_DHPGRG,resolved,False
ePKA+DHPGRG,kcat,Receptors,DHPG_mGluR,/model[0]/kinetics[0]/PKA_g[0]/PKA_active[0]/PKA_act_DHPGRG,resolved,False
ePKA+DHPGR,Km,Receptors,DHPG_mGluR,/model[0]/kinetics[0]/PKA_g[0]/PKA_active[0]/PKA_act_DHPGR,resolved,False
ePKA+DHPGR,kcat,Receptors,DHPG_mGluR,/model[0]/kinetics[0]/PKA_g[0]/PKA_active[0]/PKA_act_DHPGR,resolved,False
ePKC+DHPGRpS870,Km,Receptors,DHPG_mGluR,,not_found_in_model,False
ePKC+DHPGRpS870,kcat,Receptors,DHPG_mGluR,,not_found_in_model,False
ePKC+DHPGRG,Km,Receptors,DHPG_mGluR,/model[0]/kinetics[0]/PKC_g[0]/PKC_active[0]/DHPGRG_phos_S901,resolved,False
ePKC+DHPGRG,kcat,Receptors,DHPG_mGluR,/model[0]/kinetics[0]/PKC_g[0]/PKC_active[0]/DHPGRG_phos_S901,resolved,False
ePKC+DHPGR,Km,Receptors,DHPG_mGluR,,not_found_in_model,True
ePKC+DHPGR,kcat,Receptors,DHPG_mGluR,,not_found_in_model,True
ePKC+DHPGRpS870G,Km,Receptors,DHPG_mGluR,/model[0]/kinetics[0]/PKC_g[0]/PKC_active[0]/DHPGRpS870G_phos_S901,resolved,False
ePKC+DHPGRpS870G,kcat,Receptors,DHPG_mGluR,/model[0]/kinetics[0]/PKC_g[0]/PKC_active[0]/DHPGRpS870G_phos_S901,resolved,False
ePP2A+DHPGRpS870,Km,Receptors,DHPG_mGluR,/model[0]/kinetics[0]/Phosphatase_g[0]/PP2A[0]/DHPGRpS870_dephospho,resolved,True
ePP2A+DHPGRpS870,kcat,Receptors,DHPG_mGluR,/model[0]/kinetics[0]/Phosphatase_g[0]/PP2A[0]/DHPGRpS870_dephospho,resolved,True
ePP2A+DHPGRpS870G,Km,Receptors,DHPG_mGluR,/model[0]/kinetics[0]/Phosphatase_g[0]/PP2A[0]/DHPGRpS870G_dephospho,resolved,True
ePP2A+DHPGRpS870G,kcat,Receptors,DHPG_mGluR,/model[0]/kinetics[0]/Phosphatase_g[0]/PP2A[0]/DHPGRpS870G_dephospho,resolved,True
Iso+b2AR,Kd,Receptors,b2AR,/model[0]/kinetics[0]/b2AR_g[0]/Iso_bind_b2AR,resolved,True
Iso+b2AR,tau,Receptors,b2AR,/model[0]/kinetics[0]/b2AR_g[0]/Iso_bind_b2AR,resolved,True
IsoR+GsGDP,Kd,Receptors,b2AR,/model[0]/kinetics[0]/b2AR_g[0]/IsoR_bind_GsGDP,resolved,True
IsoR+GsGDP,tau,Receptors,b2AR,/model[0]/kinetics[0]/b2AR_g[0]/IsoR_bind_GsGDP,resolved,True
Iso+RGs,Kd,Receptors,b2AR,/model[0]/kinetics[0]/b2AR_g[0]/Iso_bind_RGs,resolved,True
Iso+RGs,tau,Receptors,b2AR,/model[0]/kinetics[0]/b2AR_g[0]/Iso_bind_RGs,resolved,True
b2AR_recycling,Kf,Receptors,b2AR,/model[0]/kinetics[0]/b2AR_g[0]/b2AR_recycling,resolved,True
Iso_act_Gs,Kf,Receptors,b2AR,/model[0]/kinetics[0]/b2AR_g[0]/Iso_Act_Gs,resolved,True
degradation_1,Kf,Receptors,AMPAR,/model[0]/kinetics[0]/AMPAR_g[0]/degradation_1,resolved,True
degradation_2,Kf,Receptors,AMPAR,/model[0]/kinetics[0]/AMPAR_g[0]/degradation_2,resolved,True
exchange,Kd,Receptors,AMPAR,/model[0]/kinetics[0]/AMPAR_g[0]/exchange,resolved,False
exchange,tau,Receptors,AMPAR,/model[0]/kinetics[0]/AMPAR_g[0]/exchange,resolved,False
to_memb,Kd,Receptors,AMPAR,/model[0]/kinetics[0]/AMPAR_g[0]/to_memb,resolved,False
to_memb,tau,Receptors,AMPAR,/model[0]/kinetics[0]/AMPAR_g[0]/to_memb,resolved,False
to_memb_1,Kd,Receptors,AMPAR,/model[0]/kinetics[0]/AMPAR_g[0]/to_memb_1,resolved,False
to_memb_1,tau,Receptors,AMPAR,/model[0]/kinetics[0]/AMPAR_g[0]/to_memb_1,resolved,False
Glu+sAMPAR,Kd,Receptors,AMPAR,/model[0]/kinetics[0]/AMPAR_g[0]/Glu_bind_sAMPAR,resolved,True
Glu+sAMPAR,tau,Receptors,AMPAR,/model[0]/kinetics[0]/AMPAR_g[0]/Glu_bind_sAMPAR,resolved,True
Glu+sAMPARpS831,Kd,Receptors,AMPAR,/model[0]/kinetics[0]/AMPAR_g[0]/Glu_bind_sAMPARpS831,resolved,True
Glu+sAMPARpS831,tau,Receptors,AMPAR,/model[0]/kinetics[0]/AMPAR_g[0]/Glu_bind_sAMPARpS831,resolved,True
Glu+sAMPARpS845,Kd,Receptors,AMPAR,/model[0]/kinetics[0]/AMPAR_g[0]/Glu_bind_sAMPARpS845,resolved,True
Glu+sAMPARpS845,tau,Receptors,AMPAR,/model[0]/kinetics[0]/AMPAR_g[0]/Glu_bind_sAMPARpS845,resolved,True
Glu+sAMPARpS845S831,Kd,Receptors,AMPAR,/model[0]/kinetics[0]/AMPAR_g[0]/Glu_bind_sAMPARpS845S831,resolved,True
Glu+sAMPARpS845S831,tau,Receptors,AMPAR,/model[0]/kinetics[0]/AMPAR_g[0]/Glu_bind_sAMPARpS845S831,resolved,True
AMPA+sAMPAR,Kd,Receptors,AMPAR,/model[0]/kinetics[0]/AMPAR_g[0]/AMPA_bind_sAMPAR,resolved,True
AMPA+sAMPAR,tau,Receptors,AMPAR,/model[0]/kinetics[0]/AMPAR_g[0]/AMPA_bind_sAMPAR,resolved,True
AMPA+sAMPARpS831,Kd,Receptors,AMPAR,/model[0]/kinetics[0]/AMPAR_g[0]/AMPA_bind_sAMPARpS831,resolved,True
AMPA+sAMPARpS831,tau,Receptors,AMPAR,/model[0]/kinetics[0]/AMPAR_g[0]/AMPA_bind_sAMPARpS831,resolved,True
AMPA+sAMPARpS845,Kd,Receptors,AMPAR,/model[0]/kinetics[0]/AMPAR_g[0]/AMPA_bind_sAMPARpS845,resolved,True
AMPA+sAMPARpS845,tau,Receptors,AMPAR,/model[0]/kinetics[0]/AMPAR_g[0]/AMPA_bind_sAMPARpS845,resolved,True
AMPA+sAMPARpS845S831,Kd,Receptors,AMPAR,/model[0]/kinetics[0]/AMPAR_g[0]/AMPA_bind_sAMPARpS845S831,resolved,True
AMPA+sAMPARpS845S831,tau,Receptors,AMPAR,/model[0]/kinetics[0]/AMPAR_g[0]/AMPA_bind_sAMPARpS845S831,resolved,True
ePP1+iAMPARpS831,Km,Receptors,AMPAR,/model[0]/kinetics[0]/PP1_g[0]/PP1_active[0]/PP1_inact_intAMPARpS831,resolved,True
ePP1+iAMPARpS831,kcat,Receptors,AMPAR,/model[0]/kinetics[0]/PP1_g[0]/PP1_active[0]/PP1_inact_intAMPARpS831,resolved,True
ePP1+iAMPARpS845S831,Km,Receptors,AMPAR,/model[0]/kinetics[0]/PP1_g[0]/PP1_active[0]/PP1_inact_intAMPARpS845S831,resolved,True
ePP1+iAMPARpS845S831,kcat,Receptors,AMPAR,/model[0]/kinetics[0]/PP1_g[0]/PP1_active[0]/PP1_inact_intAMPARpS845S831,resolved,True
ePP1+sAMPARpS831,Km,Receptors,AMPAR,/model[0]/kinetics[0]/PP1_g[0]/PP1_active[0]/PP1_inact_sAMPARpS831,resolved,True
ePP1+sAMPARpS831,kcat,Receptors,AMPAR,/model[0]/kinetics[0]/PP1_g[0]/PP1_active[0]/PP1_inact_sAMPARpS831,resolved,True
ePP1+sAMPARpS845S831,Km,Receptors,AMPAR,/model[0]/kinetics[0]/PP1_g[0]/PP1_active[0]/PP1_inact_sAMPARpS845S831,resolved,True
ePP1+sAMPARpS845S831,kcat,Receptors,AMPAR,/model[0]/kinetics[0]/PP1_g[0]/PP1_active[0]/PP1_inact_sAMPARpS845S831,resolved,True
ePKA+sAMPAR,Km,Receptors,AMPAR,/model[0]/kinetics[0]/PKA_g[0]/PKA_active[0]/PKA_act_membAMPAR,resolved,True
ePKA+sAMPAR,kcat,Receptors,AMPAR,/model[0]/kinetics[0]/PKA_g[0]/PKA_active[0]/PKA_act_membAMPAR,resolved,True
ePKA+sAMPARpS831,Km,Receptors,AMPAR,/model[0]/kinetics[0]/PKA_g[0]/PKA_active[0]/PKA_act_sAMPARpS831,resolved,True
ePKA+sAMPARpS831,kcat,Receptors,AMPAR,/model[0]/kinetics[0]/PKA_g[0]/PKA_active[0]/PKA_act_sAMPARpS831,resolved,True
ePKA+Glu_sAMPARp,Km,Receptors,AMPAR,/model[0]/kinetics[0]/PKA_g[0]/PKA_active[0]/PKA_act_Glu_membAMPARp,resolved,False
ePKA+Glu_sAMPARp,kcat,Receptors,AMPAR,/model[0]/kinetics[0]/PKA_g[0]/PKA_active[0]/PKA_act_Glu_membAMPARp,resolved,False
ePKA+AMPA_sAMPARp,Km,Receptors,AMPAR,/model[0]/kinetics[0]/PKA_g[0]/PKA_active[0]/PKA_act_AMPA_membAMPARp,resolved,False
ePKA+AMPA_sAMPARp,kcat,Receptors,AMPAR,/model[0]/kinetics[0]/PKA_g[0]/PKA_active[0]/PKA_act_AMPA_membAMPARp,resolved,False
ePKA+intAMPAR,Km,Receptors,AMPAR,/model[0]/kinetics[0]/PKA_g[0]/PKA_active[0]/PKA_act_intAMPAR,resolved,True
ePKA+intAMPAR,kcat,Receptors,AMPAR,/model[0]/kinetics[0]/PKA_g[0]/PKA_active[0]/PKA_act_intAMPAR,resolved,True
eCaN+iAMPARpS845,Km,Receptors,AMPAR,/model[0]/kinetics[0]/PP2B_g[0]/CaM(Ca)n_CaNAB[0]/intAMPARpS845_inact,resolved,True
eCaN+iAMPARpS845,kcat,Receptors,AMPAR,/model[0]/kinetics[0]/PP2B_g[0]/CaM(Ca)n_CaNAB[0]/intAMPARpS845_inact,resolved,True
eCaN+iAMPARpS845S831,Km,Receptors,AMPAR,/model[0]/kinetics[0]/PP2B_g[0]/CaM(Ca)n_CaNAB[0]/intAMPARpS845S831_inact,resolved,True
eCaN+iAMPARpS845S831,kcat,Receptors,AMPAR,/model[0]/kinetics[0]/PP2B_g[0]/CaM(Ca)n_CaNAB[0]/intAMPARpS845S831_inact,resolved,True
eCaMKII+AMPARpS845,Km,Receptors,AMPAR,/model[0]/kinetics[0]/CaMKII_g[0]/aCaMKII[0]/AMPARpS845_act,resolved,True
eCaMKII+AMPARpS845,kcat,Receptors,AMPAR,/model[0]/kinetics[0]/CaMKII_g[0]/aCaMKII[0]/AMPARpS845_act,resolved,True
eCaMKII+Glu_sAMPARpS845,Km,Receptors,AMPAR,/model[0]/kinetics[0]/CaMKII_g[0]/aCaMKII[0]/CaMKII_act_Glu_sAMPARp,resolved,True
eCaMKII+Glu_sAMPARpS845,kcat,Receptors,AMPAR,/model[0]/kinetics[0]/CaMKII_g[0]/aCaMKII[0]/CaMKII_act_Glu_sAMPARp,resolved,True
eCaMKII+AMPA_sAMPARpS845,Km,Receptors,AMPAR,/model[0]/kinetics[0]/CaMKII_g[0]/aCaMKII[0]/CaMKII_act_AMPA_sAMPARp,resolved,True
eCaMKII+AMPA_sAMPARpS845,kcat,Receptors,AMPAR,/model[0]/kinetics[0]/CaMKII_g[0]/aCaMKII[0]/CaMKII_act_AMPA_sAMPARp,resolved,True
eCaN+sAMPARpS845,Km,Receptors,AMPAR,/model[0]/kinetics[0]/PP2B_g[0]/CaM(Ca)n_CaNAB[0]/sAMPARpS845_inact,resolved,True
eCaN+sAMPARpS845,kcat,Receptors,AMPAR,/model[0]/kinetics[0]/PP2B_g[0]/CaM(Ca)n_CaNAB[0]/sAMPARpS845_inact,resolved,True
eCaN+sAMPARpS845S831,Km,Receptors,AMPAR,/model[0]/kinetics[0]/PP2B_g[0]/CaM(Ca)n_CaNAB[0]/sAMPARpS845S831_inact,resolved,True
eCaN+sAMPARpS845S831,kcat,Receptors,AMPAR,/model[0]/kinetics[0]/PP2B_g[0]/CaM(Ca)n_CaNAB[0]/sAMPARpS845S831_inact,resolved,True
from_memb,Kf,Receptors,AMPAR,/model[0]/kinetics[0]/AMPAR_g[0]/from_memb,resolved,True
from_memb1,Kf,Receptors,AMPAR,/model[0]/kinetics[0]/AMPAR_g[0]/from_memb1,resolved,True
from_memb2,Kf,Receptors,AMPAR,/model[0]/kinetics[0]/AMPAR_g[0]/from_memb2,resolved,True
from_memb3,Kf,Receptors,AMPAR,/model[0]/kinetics[0]/AMPAR_g[0]/from_memb3,resolved,True
eCaMKIIp+synGAP_PSD,Km,Receptors,AMPAR,/model[0]/kinetics[0]/CaMKII_g[0]/aCaMKII[0]/synGAP_act,resolved,True
eCaMKIIp+synGAP_PSD,kcat,Receptors,AMPAR,/model[0]/kinetics[0]/CaMKII_g[0]/aCaMKII[0]/synGAP_act,resolved,True
eCaMKII+synGAP_PDZ,Km,Receptors,AMPAR,/model[0]/kinetics[0]/CaMKII_g[0]/aCaMKII[0]/synGAP_PDZ_act,resolved,True
eCaMKII+synGAP_PDZ,kcat,Receptors,AMPAR,/model[0]/kinetics[0]/CaMKII_g[0]/aCaMKII[0]/synGAP_PDZ_act,resolved,True
synGAP+PSD95,Kd,Receptors,AMPAR,/model[0]/kinetics[0]/synGAP_g[0]/synGAP_PDZ_assoc,resolved,True
synGAP+PSD95,tau,Receptors,AMPAR,/model[0]/kinetics[0]/synGAP_g[0]/synGAP_PDZ_assoc,resolved,True
synGAPpPSD_dissoc,Kd,Receptors,AMPAR,/model[0]/kinetics[0]/synGAP_g[0]/synGAPp_PDZ_dissoc,resolved,False
synGAPpPSD_dissoc,tau,Receptors,AMPAR,/model[0]/kinetics[0]/synGAP_g[0]/synGAPp_PDZ_dissoc,resolved,False
synGAP_deph,Kf,Receptors,AMPAR,/model[0]/kinetics[0]/synGAP_g[0]/dephosph_synGAP,resolved,True
CaMCa3+Ca,Kd,SecondMessengers,CaM,/model[0]/kinetics[0]/CaM_g[0]/CaM_Ca3_bind_Ca,resolved,False
CaMCa3+Ca,tau,SecondMessengers,CaM,/model[0]/kinetics[0]/CaM_g[0]/CaM_Ca3_bind_Ca,resolved,False
CaM+Ca,Kd,SecondMessengers,CaM,/model[0]/kinetics[0]/CaM_g[0]/CaM_bind_Ca,resolved,True
CaM+Ca,tau,SecondMessengers,CaM,/model[0]/kinetics[0]/CaM_g[0]/CaM_bind_Ca,resolved,True
CaMCa2+Ca,Kd,SecondMessengers,CaM,/model[0]/kinetics[0]/CaM_g[0]/CaM_Ca2_bind_Ca,resolved,True
CaMCa2+Ca,tau,SecondMessengers,CaM,/model[0]/kinetics[0]/CaM_g[0]/CaM_Ca2_bind_Ca,resolved,True
CaMCa+Ca,Kd,SecondMessengers,CaM,/model[0]/kinetics[0]/CaM_g[0]/CaM_Ca_bind_Ca,resolved,True
CaMCa+Ca,tau,SecondMessengers,CaM,/model[0]/kinetics[0]/CaM_g[0]/CaM_Ca_bind_Ca,resolved,True
GRK2+bg,Kd,SecondMessengers,barr2,/model[0]/kinetics[0]/barr2_g[0]/GRK2_to_memb,resolved,True
GRK2+bg,tau,SecondMessengers,barr2,/model[0]/kinetics[0]/barr2_g[0]/GRK2_to_memb,resolved,True
GRK2_antag,Kf,SecondMessengers,barr2,/model[0]/kinetics[0]/barr2_g[0]/GRK2_to_memb,resolved,False
GRK2_Gq_inact,Kf,SecondMessengers,barr2,/model[0]/kinetics[0]/barr2_g[0]/GRK2_to_memb,resolved,False
eGRK2+Glu_mGluR5,Km,SecondMessengers,barr2,/model[0]/kinetics[0]/barr2_g[0]/GRK2_memb[0]/GRK2_phos_Glu_mGluR5,resolved,True
eGRK2+Glu_mGluR5,kcat,SecondMessengers,barr2,/model[0]/kinetics[0]/barr2_g[0]/GRK2_memb[0]/GRK2_phos_Glu_mGluR5,resolved,True
eGRK2+DHPG_mGluR5,Km,SecondMessengers,barr2,/model[0]/kinetics[0]/barr2_g[0]/GRK2_memb[0]/GRK2_phos_DHPG_mGluR5,resolved,True
eGRK2+DHPG_mGluR5,kcat,SecondMessengers,barr2,/model[0]/kinetics[0]/barr2_g[0]/GRK2_memb[0]/GRK2_phos_DHPG_mGluR5,resolved,True
LRpT840+barr2,Kd,SecondMessengers,barr2,/model[0]/kinetics[0]/barr2_g[0]/Glu_mGluRpT840_barr2_assoc,resolved,True
LRpT840+barr2,tau,SecondMessengers,barr2,/model[0]/kinetics[0]/barr2_g[0]/Glu_mGluRpT840_barr2_assoc,resolved,True
DHPGRpT840+barr2,Kd,SecondMessengers,barr2,/model[0]/kinetics[0]/barr2_g[0]/DHPG_mGluRpT840_barr2_assoc,resolved,True
DHPGRpT840+barr2,tau,SecondMessengers,barr2,/model[0]/kinetics[0]/barr2_g[0]/DHPG_mGluRpT840_barr2_assoc,resolved,True
DHPGRpT840_barr2_internalize,Kf,SecondMessengers,barr2,/model[0]/kinetics[0]/barr2_g[0]/DHPG_mGluRpT840_barr2_internalize,resolved,True
LRpT840_barr2_internalize,Kf,SecondMessengers,barr2,/model[0]/kinetics[0]/barr2_g[0]/Glu_mGluRpT840_barr2_internalize,resolved,True
mGluR+Homer,Kd,SecondMessengers,HomerPIKE,,not_found_in_model,False
mGluR+Homer,tau,SecondMessengers,HomerPIKE,,not_found_in_model,False
DHPG+mGluR_Homer,Kd,SecondMessengers,HomerPIKE,,not_found_in_model,False
DHPG+mGluR_Homer,tau,SecondMessengers,HomerPIKE,,not_found_in_model,False
Glu+mGluR_Homer,Kd,SecondMessengers,HomerPIKE,,not_found_in_model,False
Glu+mGluR_Homer,tau,SecondMessengers,HomerPIKE,,not_found_in_model,False
PIKE+Glu_mGluR_Homer,Kd,SecondMessengers,HomerPIKE,/model[0]/kinetics[0]/HomerPIKE_g[0]/GluRHomer_bind_PIKE,resolved,True
PIKE+Glu_mGluR_Homer,tau,SecondMessengers,HomerPIKE,/model[0]/kinetics[0]/HomerPIKE_g[0]/GluRHomer_bind_PIKE,resolved,True
PIKE+DHPG_mGluR_Homer,Kd,SecondMessengers,HomerPIKE,/model[0]/kinetics[0]/HomerPIKE_g[0]/DHPGRHomer_bind_PIKE,resolved,True
PIKE+DHPG_mGluR_Homer,tau,SecondMessengers,HomerPIKE,/model[0]/kinetics[0]/HomerPIKE_g[0]/DHPGRHomer_bind_PIKE,resolved,True
PI3K+Glu_mGluR_HomerPIKE,Kd,SecondMessengers,HomerPIKE,/model[0]/kinetics[0]/HomerPIKE_g[0]/GluRHomerPIKE_bind_PI3K,resolved,True
PI3K+Glu_mGluR_HomerPIKE,tau,SecondMessengers,HomerPIKE,/model[0]/kinetics[0]/HomerPIKE_g[0]/GluRHomerPIKE_bind_PI3K,resolved,True
PI3K+DHPG_mGluR_HomerPIKE,Kd,SecondMessengers,HomerPIKE,/model[0]/kinetics[0]/HomerPIKE_g[0]/DHPGRHomerPIKE_bind_PI3K,resolved,True
PI3K+DHPG_mGluR_HomerPIKE,tau,SecondMessengers,HomerPIKE,/model[0]/kinetics[0]/HomerPIKE_g[0]/DHPGRHomerPIKE_bind_PI3K,resolved,True
Homer1c_deph,Km,SecondMessengers,HomerPIKE,/model[0]/kinetics[0]/PP2B_g[0]/CaM(Ca)n_CaNAB[0]/Homer_deph,resolved,True
Homer1c_deph,kcat,SecondMessengers,HomerPIKE,/model[0]/kinetics[0]/PP2B_g[0]/CaM(Ca)n_CaNAB[0]/Homer_deph,resolved,True
eCaMKII+LRHomerpPIKEPI3K,Km,SecondMessengers,HomerPIKE,/model[0]/kinetics[0]/CaMKII_g[0]/aCaMKII[0]/GluRHomerpPIKEPI3K_inact,resolved,True
eCaMKII+LRHomerpPIKEPI3K,kcat,SecondMessengers,HomerPIKE,/model[0]/kinetics[0]/CaMKII_g[0]/aCaMKII[0]/GluRHomerpPIKEPI3K_inact,resolved,True
eCaMKII+DHPGRHomerpPIKEPI3K,Km,SecondMessengers,HomerPIKE,/model[0]/kinetics[0]/CaMKII_g[0]/aCaMKII[0]/DHPGRHomerpPIKEPI3K_inact,resolved,True
eCaMKII+DHPGRHomerpPIKEPI3K,kcat,SecondMessengers,HomerPIKE,/model[0]/kinetics[0]/CaMKII_g[0]/aCaMKII[0]/DHPGRHomerpPIKEPI3K_inact,resolved,True
eHomerPIKEPI3K+PIP2,Km,SecondMessengers,HomerPIKE,/model[0]/kinetics[0]/PI3K_g[0]/tLRHomerPIKE_PI3K[0]/PIP2phospho_HomerPIKE,resolved,False
eHomerPIKEPI3K+PIP2,kcat,SecondMessengers,HomerPIKE,/model[0]/kinetics[0]/PI3K_g[0]/tLRHomerPIKE_PI3K[0]/PIP2phospho_HomerPIKE,resolved,False
eEGFR+SHC,Km,ReceptorsToMessengers,TrKs_SHC,/model[0]/kinetics[0]/EGFR_g[0]/L_EGFR[0]/EGFR_act_SHC,resolved,True
eEGFR+SHC,kcat,ReceptorsToMessengers,TrKs_SHC,/model[0]/kinetics[0]/EGFR_g[0]/L_EGFR[0]/EGFR_act_SHC,resolved,True
eTrKB+SHC,Km,ReceptorsToMessengers,TrKs_SHC,/model[0]/kinetics[0]/TrKB_g[0]/BDNF_TrKB2_p_clx[0]/TrKB_act_SHC,resolved,True
eTrKB+SHC,kcat,ReceptorsToMessengers,TrKs_SHC,/model[0]/kinetics[0]/TrKB_g[0]/BDNF_TrKB2_p_clx[0]/TrKB_act_SHC,resolved,True
bSHC_act,Km,ReceptorsToMessengers,TrKs_SHC,/model[0]/kinetics[0]/Sos_g[0]/SHC_basal[0]/bSHC_phospho,resolved,True
bSHC_act,kcat,ReceptorsToMessengers,TrKs_SHC,/model[0]/kinetics[0]/Sos_g[0]/SHC_basal[0]/bSHC_phospho,resolved,True
SHCp_deph,Kf,ReceptorsToMessengers,TrKs_SHC,/model[0]/kinetics[0]/Sos_g[0]/SHCp_dephospho,resolved,True
eMAPK+Sos,Km,ReceptorsToMessengers,TrKs_SHC,/model[0]/kinetics[0]/MAPK_g[0]/MAPK_p_p[0]/MAPK_phos_Sos,resolved,True
eMAPK+Sos,kcat,ReceptorsToMessengers,TrKs_SHC,/model[0]/kinetics[0]/MAPK_g[0]/MAPK_p_p[0]/MAPK_phos_Sos,resolved,True
eEGFR+PLCg,Km,ReceptorsToMessengers,TrKs_PLCg,/model[0]/kinetics[0]/EGFR_g[0]/L_EGFR[0]/EGFR_act_PLCg,resolved,True
eEGFR+PLCg,kcat,ReceptorsToMessengers,TrKs_PLCg,/model[0]/kinetics[0]/EGFR_g[0]/L_EGFR[0]/EGFR_act_PLCg,resolved,True
eEGFR+CaPLCg,Km,ReceptorsToMessengers,TrKs_PLCg,/model[0]/kinetics[0]/EGFR_g[0]/L_EGFR[0]/EGFR_act_CaPLCg,resolved,True
eEGFR+CaPLCg,kcat,ReceptorsToMessengers,TrKs_PLCg,/model[0]/kinetics[0]/EGFR_g[0]/L_EGFR[0]/EGFR_act_CaPLCg,resolved,True
eTrKB+PLCg,Km,ReceptorsToMessengers,TrKs_PLCg,/model[0]/kinetics[0]/TrKB_g[0]/BDNF_TrKB2_p_clx[0]/TrKB_act_PLCg,resolved,True
eTrKB+PLCg,kcat,ReceptorsToMessengers,TrKs_PLCg,/model[0]/kinetics[0]/TrKB_g[0]/BDNF_TrKB2_p_clx[0]/TrKB_act_PLCg,resolved,True
eTrKB+CaPLCg,Km,ReceptorsToMessengers,TrKs_PLCg,/model[0]/kinetics[0]/TrKB_g[0]/BDNF_TrKB2_p_clx[0]/TrKB_act_CaPLCg,resolved,True
eTrKB+CaPLCg,kcat,ReceptorsToMessengers,TrKs_PLCg,/model[0]/kinetics[0]/TrKB_g[0]/BDNF_TrKB2_p_clx[0]/TrKB_act_CaPLCg,resolved,True
Ca+PLCg,Kd,ReceptorsToMessengers,TrKs_PLCg,/model[0]/kinetics[0]/PLCg_g[0]/Ca_act_PLCg,resolved,True
Ca+PLCg,tau,ReceptorsToMessengers,TrKs_PLCg,/model[0]/kinetics[0]/PLCg_g[0]/Ca_act_PLCg,resolved,True
Ca+PLCgp,Kd,ReceptorsToMessengers,TrKs_PLCg,/model[0]/kinetics[0]/PLCg_g[0]/Ca_act_PLCgp,resolved,True
Ca+PLCgp,tau,ReceptorsToMessengers,TrKs_PLCg,/model[0]/kinetics[0]/PLCg_g[0]/Ca_act_PLCgp,resolved,True
eCaPLCg+PIP2,Km,ReceptorsToMessengers,TrKs_PLCg,/model[0]/kinetics[0]/PLCg_g[0]/Ca_PLCg[0]/CaPLCg_PIP2hydr,resolved,True
eCaPLCg+PIP2,kcat,ReceptorsToMessengers,TrKs_PLCg,/model[0]/kinetics[0]/PLCg_g[0]/Ca_PLCg[0]/CaPLCg_PIP2hydr,resolved,True
eCaPLCgp+PIP2,Km,ReceptorsToMessengers,TrKs_PLCg,/model[0]/kinetics[0]/PLCg_g[0]/Ca_PLCgp[0]/CaPLCgp_PIP2hydr,resolved,True
eCaPLCgp+PIP2,kcat,ReceptorsToMessengers,TrKs_PLCg,/model[0]/kinetics[0]/PLCg_g[0]/Ca_PLCgp[0]/CaPLCgp_PIP2hydr,resolved,True
ebPLCg+PLCg,Km,ReceptorsToMessengers,TrKs_PLCg,/model[0]/kinetics[0]/PLCg_g[0]/PLCg_basal[0]/bPLCg_phospho,resolved,True
ebPLCg+PLCg,kcat,ReceptorsToMessengers,TrKs_PLCg,/model[0]/kinetics[0]/PLCg_g[0]/PLCg_basal[0]/bPLCg_phospho,resolved,True
PLCg_deph,Kf,ReceptorsToMessengers,TrKs_PLCg,/model[0]/kinetics[0]/PLCg_g[0]/dephospho_PLCg,resolved,True
PLCgp_deph,Kf,ReceptorsToMessengers,TrKs_PLCg,/model[0]/kinetics[0]/PLCg_g[0]/PLCgp_dephospho,resolved,False
PLC_Ca+Gq,Kd,ReceptorsToMessengers,mGluR_PLCb,/model[0]/kinetics[0]/PLCb_g[0]/Act_PLC_by_Gq,resolved,True
PLC_Ca+Gq,tau,ReceptorsToMessengers,mGluR_PLCb,/model[0]/kinetics[0]/PLCb_g[0]/Act_PLC_by_Gq,resolved,True
PLC_CaGq_inact,Kf,ReceptorsToMessengers,mGluR_PLCb,/model[0]/kinetics[0]/PLCb_g[0]/Inact_PLC_Gq,resolved,True
PLC+Gq,Kd,ReceptorsToMessengers,mGluR_PLCb,/model[0]/kinetics[0]/PLCb_g[0]/PLC_bind_Gq,resolved,True
PLC+Gq,tau,ReceptorsToMessengers,mGluR_PLCb,/model[0]/kinetics[0]/PLCb_g[0]/PLC_bind_Gq,resolved,True
PLC_Gq+Ca,Kd,ReceptorsToMessengers,mGluR_PLCb,/model[0]/kinetics[0]/PLCb_g[0]/PLC_Gq_bind_Ca,resolved,True
PLC_Gq+Ca,tau,ReceptorsToMessengers,mGluR_PLCb,/model[0]/kinetics[0]/PLCb_g[0]/PLC_Gq_bind_Ca,resolved,True
ePLCb_Ca+PIP2,Km,ReceptorsToMessengers,mGluR_PLCb,/model[0]/kinetics[0]/PLCb_g[0]/PLC_Ca[0]/PLC_Ca_PIP2_hydr,resolved,True
ePLCb_Ca+PIP2,kcat,ReceptorsToMessengers,mGluR_PLCb,/model[0]/kinetics[0]/PLCb_g[0]/PLC_Ca[0]/PLC_Ca_PIP2_hydr,resolved,True
ePLCb_Ca_Gq+PIP2,Km,ReceptorsToMessengers,mGluR_PLCb,/model[0]/kinetics[0]/PLCb_g[0]/PLC_Ca_Gq[0]/PLC_Ca_Gq_PIP2_hydr,resolved,True
ePLCb_Ca_Gq+PIP2,kcat,ReceptorsToMessengers,mGluR_PLCb,/model[0]/kinetics[0]/PLCb_g[0]/PLC_Ca_Gq[0]/PLC_Ca_Gq_PIP2_hydr,resolved,True
PLCb+Ca,Kd,ReceptorsToMessengers,mGluR_PLCb,/model[0]/kinetics[0]/PLCb_g[0]/Act_PLC_Ca,resolved,True
PLCb+Ca,tau,ReceptorsToMessengers,mGluR_PLCb,/model[0]/kinetics[0]/PLCb_g[0]/Act_PLC_Ca,resolved,True
Trimerize_Gq,Kf,ReceptorsToMessengers,mGluR_PLCb,/model[0]/kinetics[0]/Gq_g[0]/Trimerize_G,resolved,True
bGq_act,Kf,ReceptorsToMessengers,mGluR_PLCb,/model[0]/kinetics[0]/Gq_g[0]/Basal_Act_Gq,resolved,True
Gq_deph,Kf,ReceptorsToMessengers,mGluR_PLCb,/model[0]/kinetics[0]/Gq_g[0]/Inact_Gq,resolved,True
Degrade_IP3,Kf,ReceptorsToMessengers,mGluR_PLCb,/model[0]/kinetics[0]/PLCb_g[0]/Degrade_IP3,resolved,True
Degrade_DAG,Kf,ReceptorsToMessengers,mGluR_PLCb,/model[0]/kinetics[0]/PLCb_g[0]/Degrade_DAG,resolved,True
Epi+RGs,Kd,ReceptorsToMessengers,AC,/model[0]/kinetics[0]/b2AR_g[0]/Epi_bind_RGs,resolved,True
Epi+RGs,tau,ReceptorsToMessengers,AC,/model[0]/kinetics[0]/b2AR_g[0]/Epi_bind_RGs,resolved,True
Epi+b2AR,Kd,ReceptorsToMessengers,AC,/model[0]/kinetics[0]/b2AR_g[0]/Epi_bind_b2AR,resolved,True
Epi+b2AR,tau,ReceptorsToMessengers,AC,/model[0]/kinetics[0]/b2AR_g[0]/Epi_bind_b2AR,resolved,True
EpiR+GsGDP,Kd,ReceptorsToMessengers,AC,/model[0]/kinetics[0]/b2AR_g[0]/EpiR_bind_GsGDP,resolved,True
EpiR+GsGDP,tau,ReceptorsToMessengers,AC,/model[0]/kinetics[0]/b2AR_g[0]/EpiR_bind_GsGDP,resolved,True
Epi_act_Gs,Kf,ReceptorsToMessengers,AC,/model[0]/kinetics[0]/b2AR_g[0]/Epi_Act_Gs,resolved,True
ePKC+AC2,Km,ReceptorsToMessengers,AC,/model[0]/kinetics[0]/PKC_g[0]/PKC_active[0]/phosph_AC2,resolved,True
ePKC+AC2,kcat,ReceptorsToMessengers,AC,/model[0]/kinetics[0]/PKC_g[0]/PKC_active[0]/phosph_AC2,resolved,True
CaMCa4+AC1,Kd,ReceptorsToMessengers,AC,/model[0]/kinetics[0]/AC_g[0]/CaM_bind_AC1,resolved,True
CaMCa4+AC1,tau,ReceptorsToMessengers,AC,/model[0]/kinetics[0]/AC_g[0]/CaM_bind_AC1,resolved,True
AC2_deph,Kf,ReceptorsToMessengers,AC,/model[0]/kinetics[0]/AC_g[0]/dephosph_AC2,resolved,True
PDE_deph,Kf,ReceptorsToMessengers,AC,/model[0]/kinetics[0]/AC_g[0]/dephosph_PDE,resolved,True
CaMCa4+PDE1,Kd,ReceptorsToMessengers,AC,/model[0]/kinetics[0]/AC_g[0]/CaM_bind_PDE1,resolved,True
CaMCa4+PDE1,tau,ReceptorsToMessengers,AC,/model[0]/kinetics[0]/AC_g[0]/CaM_bind_PDE1,resolved,True
Gs+AC2,Kd,ReceptorsToMessengers,AC,/model[0]/kinetics[0]/AC_g[0]/Gs_bind_AC2,resolved,True
Gs+AC2,tau,ReceptorsToMessengers,AC,/model[0]/kinetics[0]/AC_g[0]/Gs_bind_AC2,resolved,True
Gs+AC1,Kd,ReceptorsToMessengers,AC,/model[0]/kinetics[0]/AC_g[0]/Gs_bind_AC1,resolved,True
Gs+AC1,tau,ReceptorsToMessengers,AC,/model[0]/kinetics[0]/AC_g[0]/Gs_bind_AC1,resolved,True
Gs+AC2p,Kd,ReceptorsToMessengers,AC,/model[0]/kinetics[0]/AC_g[0]/Gs_bind_AC2p,resolved,True
Gs+AC2p,tau,ReceptorsToMessengers,AC,/model[0]/kinetics[0]/AC_g[0]/Gs_bind_AC2p,resolved,True
eAC1CaM+ATP,Km,ReceptorsToMessengers,AC,/model[0]/kinetics[0]/AC_g[0]/AC1_CaM[0]/AC1CaM_form_cAMP,resolved,True
eAC1CaM+ATP,kcat,ReceptorsToMessengers,AC,/model[0]/kinetics[0]/AC_g[0]/AC1_CaM[0]/AC1CaM_form_cAMP,resolved,True
eAC2pGs+ATP,Km,ReceptorsToMessengers,AC,/model[0]/kinetics[0]/AC_g[0]/AC2p_Gs[0]/AC2pGs_form_cAMP,resolved,True
eAC2pGs+ATP,kcat,ReceptorsToMessengers,AC,/model[0]/kinetics[0]/AC_g[0]/AC2p_Gs[0]/AC2pGs_form_cAMP,resolved,True
eAC1Gs+ATP,Km,ReceptorsToMessengers,AC,/model[0]/kinetics[0]/AC_g[0]/AC1_Gs[0]/AC1Gs_form_cAMP,resolved,True
eAC1Gs+ATP,kcat,ReceptorsToMessengers,AC,/model[0]/kinetics[0]/AC_g[0]/AC1_Gs[0]/AC1Gs_form_cAMP,resolved,True
eAC2Gs+ATP,Km,ReceptorsToMessengers,AC,/model[0]/kinetics[0]/AC_g[0]/AC2_Gs[0]/AC2Gs_form_cAMP,resolved,True
eAC2Gs+ATP,kcat,ReceptorsToMessengers,AC,/model[0]/kinetics[0]/AC_g[0]/AC2_Gs[0]/AC2Gs_form_cAMP,resolved,True
eAC2p+ATP,Km,ReceptorsToMessengers,AC,/model[0]/kinetics[0]/AC_g[0]/AC2p[0]/AC2p_form_cAMP,resolved,True
eAC2p+ATP,kcat,ReceptorsToMessengers,AC,/model[0]/kinetics[0]/AC_g[0]/AC2p[0]/AC2p_form_cAMP,resolved,True
ePDE1+cAMP,Km,ReceptorsToMessengers,AC,/model[0]/kinetics[0]/AC_g[0]/PDE1[0]/PDE1_enz,resolved,True
ePDE1+cAMP,kcat,ReceptorsToMessengers,AC,/model[0]/kinetics[0]/AC_g[0]/PDE1[0]/PDE1_enz,resolved,True
ecAMP_PDE+cAMP,Km,ReceptorsToMessengers,AC,/model[0]/kinetics[0]/AC_g[0]/cAMP_PDE[0]/PDE,resolved,True
ecAMP_PDE+cAMP,kcat,ReceptorsToMessengers,AC,/model[0]/kinetics[0]/AC_g[0]/cAMP_PDE[0]/PDE,resolved,True
ecAMP_PDEp+cAMP,Km,ReceptorsToMessengers,AC,/model[0]/kinetics[0]/AC_g[0]/cAMP_PDEp[0]/PDE_p,resolved,True
ecAMP_PDEp+cAMP,kcat,ReceptorsToMessengers,AC,/model[0]/kinetics[0]/AC_g[0]/cAMP_PDEp[0]/PDE_p,resolved,True
eCaM_PDE1+cAMP,Km,ReceptorsToMessengers,AC,/model[0]/kinetics[0]/AC_g[0]/CaM_PDE1[0]/CaM_PDE1_enz,resolved,True
eCaM_PDE1+cAMP,kcat,ReceptorsToMessengers,AC,/model[0]/kinetics[0]/AC_g[0]/CaM_PDE1[0]/CaM_PDE1_enz,resolved,True
Gs_inact,Kf,ReceptorsToMessengers,AC,/model[0]/kinetics[0]/Gs_g[0]/Inact_Gs,resolved,True
Trimerize_Gs,Kf,ReceptorsToMessengers,AC,/model[0]/kinetics[0]/Gs_g[0]/Trimerize_Gs,resolved,True
bGs_act,Kf,ReceptorsToMessengers,AC,/model[0]/kinetics[0]/Gs_g[0]/basalAct_Gs,resolved,True
ePKA+cAMP_PDE,Km,ReceptorsToMessengers,AC,/model[0]/kinetics[0]/PKA_g[0]/PKA_active[0]/phosph_PDE,resolved,True
ePKA+cAMP_PDE,kcat,ReceptorsToMessengers,AC,/model[0]/kinetics[0]/PKA_g[0]/PKA_active[0]/phosph_PDE,resolved,True
ePP2A+PP1_Ip,Km,ReceptorsToMessengers,AC,/model[0]/kinetics[0]/Phosphatase_g[0]/PP2A[0]/PP2A_dephospho_PP1_I_p,resolved,False
ePP2A+PP1_Ip,kcat,ReceptorsToMessengers,AC,/model[0]/kinetics[0]/Phosphatase_g[0]/PP2A[0]/PP2A_dephospho_PP1_I_p,resolved,False
ePP2A+I1p,kcat,ReceptorsToMessengers,AC,/model[0]/kinetics[0]/Phosphatase_g[0]/PP2A[0]/PP2A_dephospho_I1,resolved,False
PP1_I1_dissoc,Kf,ReceptorsToMessengers,AC,/model[0]/kinetics[0]/PP1_g[0]/dissoc_PP1_I1,resolved,True
I1p+PP1,tau,ReceptorsToMessengers,AC,/model[0]/kinetics[0]/PP1_g[0]/Inact_PP1,resolved,True
Isob2ARp2_deph,Km,ReceptorsToMessengers,AC,/model[0]/kinetics[0]/Phosphatase_g[0]/PP2A[0]/Isob2ARp2_deph,resolved,True
Isob2ARp2_deph,kcat,ReceptorsToMessengers,AC,/model[0]/kinetics[0]/Phosphatase_g[0]/PP2A[0]/Isob2ARp2_deph,resolved,True
Epib2ARp1_deph,Km,ReceptorsToMessengers,AC,/model[0]/kinetics[0]/Phosphatase_g[0]/PP2A[0]/Epib2ARp1_deph,resolved,True
Epib2ARp1_deph,kcat,ReceptorsToMessengers,AC,/model[0]/kinetics[0]/Phosphatase_g[0]/PP2A[0]/Epib2ARp1_deph,resolved,True
Epib2ARp2_deph,Km,ReceptorsToMessengers,AC,/model[0]/kinetics[0]/Phosphatase_g[0]/PP2A[0]/Epib2ARp2_deph,resolved,True
Epib2ARp2_deph,kcat,ReceptorsToMessengers,AC,/model[0]/kinetics[0]/Phosphatase_g[0]/PP2A[0]/Epib2ARp2_deph,resolved,True
Isob2ARp1_deph,Km,ReceptorsToMessengers,AC,/model[0]/kinetics[0]/Phosphatase_g[0]/PP2A[0]/Isob2ARp1_deph,resolved,True
Isob2ARp1_deph,kcat,ReceptorsToMessengers,AC,/model[0]/kinetics[0]/Phosphatase_g[0]/PP2A[0]/Isob2ARp1_deph,resolved,True
Intb2ARp1_deph,Km,ReceptorsToMessengers,AC,/model[0]/kinetics[0]/Phosphatase_g[0]/PP2A[0]/Intb2ARp1_dephosph,resolved,True
Intb2ARp1_deph,kcat,ReceptorsToMessengers,AC,/model[0]/kinetics[0]/Phosphatase_g[0]/PP2A[0]/Intb2ARp1_dephosph,resolved,True
b2ARp2barr2p_deph,Km,ReceptorsToMessengers,AC,/model[0]/kinetics[0]/Phosphatase_g[0]/PP2A[0]/b2ARp2barr2p_dephosph,resolved,True
b2ARp2barr2p_deph,kcat,ReceptorsToMessengers,AC,/model[0]/kinetics[0]/Phosphatase_g[0]/PP2A[0]/b2ARp2barr2p_dephosph,resolved,True
eGRK2+Iso_b2AR,Km,ReceptorsToMessengers,AC,/model[0]/kinetics[0]/barr2_g[0]/GRK2_memb[0]/GRK2_phos_Iso_b2AR,resolved,True
eGRK2+Iso_b2AR,kcat,ReceptorsToMessengers,AC,/model[0]/kinetics[0]/barr2_g[0]/GRK2_memb[0]/GRK2_phos_Iso_b2AR,resolved,True
eGRK5+Iso_b2AR,Km,ReceptorsToMessengers,AC,/model[0]/kinetics[0]/barr2_g[0]/GRK5[0]/GRK5_phos_Iso_b2AR,resolved,True
eGRK5+Iso_b2AR,kcat,ReceptorsToMessengers,AC,/model[0]/kinetics[0]/barr2_g[0]/GRK5[0]/GRK5_phos_Iso_b2AR,resolved,True
eGRK5+Epi_b2AR,Km,ReceptorsToMessengers,AC,/model[0]/kinetics[0]/barr2_g[0]/GRK5[0]/GRK5_phos_Epi_b2AR,resolved,True
eGRK5+Epi_b2AR,kcat,ReceptorsToMessengers,AC,/model[0]/kinetics[0]/barr2_g[0]/GRK5[0]/GRK5_phos_Epi_b2AR,resolved,True
eGRK2+Epi_b2AR,Km,ReceptorsToMessengers,AC,/model[0]/kinetics[0]/barr2_g[0]/GRK2_memb[0]/GRK2_phos_Epi_b2AR,resolved,True
eGRK2+Epi_b2AR,kcat,ReceptorsToMessengers,AC,/model[0]/kinetics[0]/barr2_g[0]/GRK2_memb[0]/GRK2_phos_Epi_b2AR,resolved,True
Isob2ARp2+barr2,Kd,ReceptorsToMessengers,AC,/model[0]/kinetics[0]/barr2_g[0]/Isob2ARp2_barr2_assoc,resolved,True
Isob2ARp2+barr2,tau,ReceptorsToMessengers,AC,/model[0]/kinetics[0]/barr2_g[0]/Isob2ARp2_barr2_assoc,resolved,True
Isob2ARp1+barr2,Kd,ReceptorsToMessengers,AC,/model[0]/kinetics[0]/barr2_g[0]/Isob2ARp1_barr2_assoc,resolved,True
Isob2ARp1+barr2,tau,ReceptorsToMessengers,AC,/model[0]/kinetics[0]/barr2_g[0]/Isob2ARp1_barr2_assoc,resolved,True
Epib2ARp2+barr2,Kd,ReceptorsToMessengers,AC,/model[0]/kinetics[0]/barr2_g[0]/Epib2ARp2_barr2_assoc,resolved,True
Epib2ARp2+barr2,tau,ReceptorsToMessengers,AC,/model[0]/kinetics[0]/barr2_g[0]/Epib2ARp2_barr2_assoc,resolved,True
Epib2ARp1+barr2,Kd,ReceptorsToMessengers,AC,/model[0]/kinetics[0]/barr2_g[0]/Epib2ARp1_barr2_assoc,resolved,True
Epib2ARp1+barr2,tau,ReceptorsToMessengers,AC,/model[0]/kinetics[0]/barr2_g[0]/Epib2ARp1_barr2_assoc,resolved,True
Isob2ARp1_barr2_internalize,Kf,ReceptorsToMessengers,AC,/model[0]/kinetics[0]/barr2_g[0]/Iso_b2ARp1_barr2_internalize,resolved,True
Epib2ARp1_barr2_internalize,Kf,ReceptorsToMessengers,AC,/model[0]/kinetics[0]/barr2_g[0]/Epi_b2ARp1_barr2_internalize,resolved,True
Isob2ARp2_barr2_internalize,Kf,ReceptorsToMessengers,AC,/model[0]/kinetics[0]/barr2_g[0]/Iso_b2ARp2_barr2_internalize,resolved,True
Epib2ARp2_barr2_internalize,Kf,ReceptorsToMessengers,AC,/model[0]/kinetics[0]/barr2_g[0]/Epi_b2ARp2_barr2_internalize,resolved,True
b2ARp2barr2p_dissoc,Kf,ReceptorsToMessengers,AC,/model[0]/kinetics[0]/barr2_g[0]/b2ARp2barr2p_dissoc,resolved,True
eIP3R+Ca,Km,SignalsHL4,Ca,/model[0]/kinetics[0]/Ca_g[0]/aIP3R[0]/IP3RChan,resolved,False
eIP3R+Ca,kcat,SignalsHL4,Ca,/model[0]/kinetics[0]/Ca_g[0]/aIP3R[0]/IP3RChan,resolved,False
eVGCC+Ca,Km,SignalsHL4,Ca,/model[0]/kinetics[0]/Ca_g[0]/aVGCC[0]/VGCC_chan,resolved,False
eVGCC+Ca,kcat,SignalsHL4,Ca,/model[0]/kinetics[0]/Ca_g[0]/aVGCC[0]/VGCC_chan,resolved,False
VGCC_inact,Kf,SignalsHL4,Ca,/model[0]/kinetics[0]/Ca_g[0]/VGCC_inact,resolved,True
IP3Ract,Kd,SignalsHL4,Ca,/model[0]/kinetics[0]/Ca_g[0]/IP3Ract,resolved,False
IP3Ract,tau,SignalsHL4,Ca,/model[0]/kinetics[0]/Ca_g[0]/IP3Ract,resolved,False
eNMDA_NMDAR+Ca,Km,SignalsHL4,Ca,/model[0]/kinetics[0]/NMDAR_g[0]/NMDA_NMDAR[0]/NMDA_NMDAR_Chan,resolved,True
eNMDA_NMDAR+Ca,kcat,SignalsHL4,Ca,/model[0]/kinetics[0]/NMDAR_g[0]/NMDA_NMDAR[0]/NMDA_NMDAR_Chan,resolved,True
eGlu_NMDAR+Ca,Km,SignalsHL4,Ca,/model[0]/kinetics[0]/NMDAR_g[0]/aNMDAR[0]/Glu_NMDAR_Chan,resolved,True
eGlu_NMDAR+Ca,kcat,SignalsHL4,Ca,/model[0]/kinetics[0]/NMDAR_g[0]/aNMDAR[0]/Glu_NMDAR_Chan,resolved,True
eAMPAR+VGCC,Km,SignalsHL4,Ca,/model[0]/kinetics[0]/AMPAR_g[0]/aAMPAR[0]/synAct_act_VGCC,resolved,True
eAMPAR+VGCC,kcat,SignalsHL4,Ca,/model[0]/kinetics[0]/AMPAR_g[0]/aAMPAR[0]/synAct_act_VGCC,resolved,True
PKAinhib+PKA,Kd,SignalsHL4,PKA,/model[0]/kinetics[0]/PKA_g[0]/inhib_PKA,resolved,True
PKAinhib+PKA,tau,SignalsHL4,PKA,/model[0]/kinetics[0]/PKA_g[0]/inhib_PKA,resolved,True
R2C2+cAMP,Kd,SignalsHL4,PKA,/model[0]/kinetics[0]/PKA_g[0]/cAMP_bind_site_B1,resolved,True
R2C2+cAMP,tau,SignalsHL4,PKA,/model[0]/kinetics[0]/PKA_g[0]/cAMP_bind_site_B1,resolved,True
R2C2cAMP+cAMP,Kd,SignalsHL4,PKA,/model[0]/kinetics[0]/PKA_g[0]/cAMP_bind_site_B2,resolved,True
R2C2cAMP+cAMP,tau,SignalsHL4,PKA,/model[0]/kinetics[0]/PKA_g[0]/cAMP_bind_site_B2,resolved,True
R2C2cAMP2+cAMP,Kd,SignalsHL4,PKA,/model[0]/kinetics[0]/PKA_g[0]/cAMP_bind_site_A1,resolved,True
R2C2cAMP2+cAMP,tau,SignalsHL4,PKA,/model[0]/kinetics[0]/PKA_g[0]/cAMP_bind_site_A1,resolved,True
R2C2cAMP3+cAMP,Kd,SignalsHL4,PKA,/model[0]/kinetics[0]/PKA_g[0]/cAMP_bind_site_A2,resolved,True
R2C2cAMP3+cAMP,tau,SignalsHL4,PKA,/model[0]/kinetics[0]/PKA_g[0]/cAMP_bind_site_A2,resolved,True
Release_C1,Kd,SignalsHL4,PKA,/model[0]/kinetics[0]/PKA_g[0]/Release_C1,resolved,False
Release_C1,tau,SignalsHL4,PKA,/model[0]/kinetics[0]/PKA_g[0]/Release_C1,resolved,False
Release_C2,Kd,SignalsHL4,PKA,/model[0]/kinetics[0]/PKA_g[0]/Release_C2,resolved,False
Release_C2,tau,SignalsHL4,PKA,/model[0]/kinetics[0]/PKA_g[0]/Release_C2,resolved,False
eAC1GsFsk+ATP,Km,SignalsHL4,PKA,/model[0]/kinetics[0]/AC_g[0]/AC1_Gs_Fsk[0]/AC1GsFsk_form_cAMP,resolved,True
eAC1GsFsk+ATP,kcat,SignalsHL4,PKA,/model[0]/kinetics[0]/AC_g[0]/AC1_Gs_Fsk[0]/AC1GsFsk_form_cAMP,resolved,True
eAC2GsFsk+ATP,Km,SignalsHL4,PKA,/model[0]/kinetics[0]/AC_g[0]/AC2_Gs_Fsk[0]/AC2GsFsk_form_cAMP,resolved,True
eAC2GsFsk+ATP,kcat,SignalsHL4,PKA,/model[0]/kinetics[0]/AC_g[0]/AC2_Gs_Fsk[0]/AC2GsFsk_form_cAMP,resolved,True
Fsk+AC1Gs,Kd,SignalsHL4,PKA,/model[0]/kinetics[0]/AC_g[0]/Forskolin_act_AC1,resolved,True
Fsk+AC1Gs,tau,SignalsHL4,PKA,/model[0]/kinetics[0]/AC_g[0]/Forskolin_act_AC1,resolved,True
Fsk+AC2Gs,Kd,SignalsHL4,PKA,/model[0]/kinetics[0]/AC_g[0]/Forskolin_act_AC2,resolved,True
Fsk+AC2Gs,tau,SignalsHL4,PKA,/model[0]/kinetics[0]/AC_g[0]/Forskolin_act_AC2,resolved,True
ePKA+I1,Km,SignalsHL4,PKA,/model[0]/kinetics[0]/PKA_g[0]/PKA_active[0]/PKA_phosph_I1,resolved,True
ePKA+I1,kcat,SignalsHL4,PKA,/model[0]/kinetics[0]/PKA_g[0]/PKA_active[0]/PKA_phosph_I1,resolved,True
ePLA2Ca+APC,Km,SignalsHL4,PLA2,/model[0]/kinetics[0]/PLA2_g[0]/PLA2_Ca_p[0]/PLA2Ca_form_AA,resolved,True
ePLA2Ca+APC,kcat,SignalsHL4,PLA2,/model[0]/kinetics[0]/PLA2_g[0]/PLA2_Ca_p[0]/PLA2Ca_form_AA,resolved,True
ePLA2pCa+APC,Km,SignalsHL4,PLA2,/model[0]/kinetics[0]/PLA2_g[0]/PLA2_p_Ca[0]/PLA2pCa_form_AA,resolved,True
ePLA2pCa+APC,kcat,SignalsHL4,PLA2,/model[0]/kinetics[0]/PLA2_g[0]/PLA2_p_Ca[0]/PLA2pCa_form_AA,resolved,True
ePLA2PIP2+APC,Km,SignalsHL4,PLA2,/model[0]/kinetics[0]/PLA2_g[0]/PIP2_PLA2_p[0]/PLA2PIP2_form_AA,resolved,True
ePLA2PIP2+APC,kcat,SignalsHL4,PLA2,/model[0]/kinetics[0]/PLA2_g[0]/PIP2_PLA2_p[0]/PLA2PIP2_form_AA,resolved,True
ePLA2PIP2Ca+APC,Km,SignalsHL4,PLA2,/model[0]/kinetics[0]/PLA2_g[0]/PIP2_Ca_PLA2_p[0]/PLA2PIP2Ca_form_AA,resolved,True
ePLA2PIP2Ca+APC,kcat,SignalsHL4,PLA2,/model[0]/kinetics[0]/PLA2_g[0]/PIP2_Ca_PLA2_p[0]/PLA2PIP2Ca_form_AA,resolved,True
ePLA2DAGCa+APC,Km,SignalsHL4,PLA2,/model[0]/kinetics[0]/PLA2_g[0]/DAG_Ca_PLA2_p[0]/PLA2DAGCa_form_AA,resolved,True
ePLA2DAGCa+APC,kcat,SignalsHL4,PLA2,/model[0]/kinetics[0]/PLA2_g[0]/DAG_Ca_PLA2_p[0]/PLA2DAGCa_form_AA,resolved,True
PLA2_Ca_act,Kd,SignalsHL4,PLA2,/model[0]/kinetics[0]/PLA2_g[0]/PLA2_Ca_act,resolved,True
PLA2_Ca_act,tau,SignalsHL4,PLA2,/model[0]/kinetics[0]/PLA2_g[0]/PLA2_Ca_act,resolved,True
PIP2_PLA2_act,Kd,SignalsHL4,PLA2,/model[0]/kinetics[0]/PLA2_g[0]/PIP2_PLA2_act,resolved,True
PIP2_PLA2_act,tau,SignalsHL4,PLA2,/model[0]/kinetics[0]/PLA2_g[0]/PIP2_PLA2_act,resolved,True
PIP2_CaPLA2p_act,Kd,SignalsHL4,PLA2,/model[0]/kinetics[0]/PLA2_g[0]/PIP2_Ca_PLA2_act,resolved,True
PIP2_CaPLA2p_act,tau,SignalsHL4,PLA2,/model[0]/kinetics[0]/PLA2_g[0]/PIP2_Ca_PLA2_act,resolved,True
DAG_CaPLA2p_act,Kd,SignalsHL4,PLA2,/model[0]/kinetics[0]/PLA2_g[0]/DAG_Ca_PLA2_act,resolved,True
DAG_CaPLA2p_act,tau,SignalsHL4,PLA2,/model[0]/kinetics[0]/PLA2_g[0]/DAG_Ca_PLA2_act,resolved,True
Degrade_AA,Kf,SignalsHL4,PLA2,/model[0]/kinetics[0]/PLA2_g[0]/Degrade_AA,resolved,True
PLA2p_Ca_act,Kd,SignalsHL4,PLA2,/model[0]/kinetics[0]/PLA2_g[0]/PLA2_p_Ca_act,resolved,True
PLA2p_Ca_act,tau,SignalsHL4,PLA2,/model[0]/kinetics[0]/PLA2_g[0]/PLA2_p_Ca_act,resolved,True
PLA2p_deph,Kf,SignalsHL4,PLA2,/model[0]/kinetics[0]/PLA2_g[0]/dephosphorylate_PLA2_p,resolved,True
eMAPK+PLA2,Km,SignalsHL4,PLA2,/model[0]/kinetics[0]/MAPK_g[0]/MAPK_p_p[0]/MAPKpp_act_PLA2,resolved,True
eMAPK+PLA2,kcat,SignalsHL4,PLA2,/model[0]/kinetics[0]/MAPK_g[0]/MAPK_p_p[0]/MAPKpp_act_PLA2,resolved,True
I1p+PP1,Kd,SignalsHL5,PP1,/model[0]/kinetics[0]/PP1_g[0]/Inact_PP1,resolved,True
ePP2A+I1p,Km,SignalsHL5,PP1,/model[0]/kinetics[0]/Phosphatase_g[0]/PP2A[0]/PP2A_dephospho_I1,resolved,False
Ca+CaN,Kd,SignalsHL6,CaN,/model[0]/kinetics[0]/PP2B_g[0]/Ca_bind_CaNAB,resolved,True
CaMCa4+CaN,Kd,SignalsHL6,CaN,/model[0]/kinetics[0]/PP2B_g[0]/CaMCa4_bind_CaNAB,resolved,True
eCaMCaN+ngp,Km,SignalsHL6,CaN,/model[0]/kinetics[0]/PP2B_g[0]/CaM(Ca)n_CaNAB[0]/dephosph_neurogranin,resolved,True
eCaMCaN+ngp,kcat,SignalsHL6,CaN,/model[0]/kinetics[0]/PP2B_g[0]/CaM(Ca)n_CaNAB[0]/dephosph_neurogranin,resolved,True
eCaMCaN+I1p,Km,SignalsHL6,CaN,/model[0]/kinetics[0]/PP2B_g[0]/CaM(Ca)n_CaNAB[0]/dephosph_inhib1,resolved,True
eCaMCaN+I1p,kcat,SignalsHL6,CaN,/model[0]/kinetics[0]/PP2B_g[0]/CaM(Ca)n_CaNAB[0]/dephosph_inhib1,resolved,True
eCaN+I1p,Km,SignalsHL6,CaN,/model[0]/kinetics[0]/PP2B_g[0]/CaNAB_Ca4[0]/dephosph_inhib1_noCaM,resolved,True
eCaN+I1p,kcat,SignalsHL6,CaN,/model[0]/kinetics[0]/PP2B_g[0]/CaNAB_Ca4[0]/dephosph_inhib1_noCaM,resolved,True
eCaMCaN+PP1_I1p,Km,SignalsHL6,CaN,/model[0]/kinetics[0]/PP2B_g[0]/CaM(Ca)n_CaNAB[0]/dephosph_PP1_I_p,resolved,True
eCaMCaN+PP1_I1p,kcat,SignalsHL6,CaN,/model[0]/kinetics[0]/PP2B_g[0]/CaM(Ca)n_CaNAB[0]/dephosph_PP1_I_p,resolved,True
bRasGTP_deph,Kf,SignalsHL7,Ras,/model[0]/kinetics[0]/Ras_g[0]/Ras_intrinsic_GTPase,resolved,True
eGAP+Ras,Km,SignalsHL7,Ras,/model[0]/kinetics[0]/Ras_g[0]/GAP[0]/GAP_inact_Ras,resolved,True
eGAP+Ras,kcat,SignalsHL7,Ras,/model[0]/kinetics[0]/Ras_g[0]/GAP[0]/GAP_inact_Ras,resolved,True
bCaMKII+CaMKII,Kf,SignalsHL7,CaMKII,/model[0]/kinetics[0]/CaMKII_g[0]/basal_activity,resolved,True
CaMCa4+CaMKII,Kd,SignalsHL7,CaMKII,/model[0]/kinetics[0]/CaMKII_g[0]/CaMKII_bind_CaM,resolved,True
CaMCa4+CaMKII,tau,SignalsHL7,CaMKII,/model[0]/kinetics[0]/CaMKII_g[0]/CaMKII_bind_CaM,resolved,True
CaMCa4+CaMKIIp,Kd,SignalsHL7,CaMKII,/model[0]/kinetics[0]/CaMKII_g[0]/CaMKII_thr286_bind_CaM,resolved,True
CaMCa4+CaMKIIp,tau,SignalsHL7,CaMKII,/model[0]/kinetics[0]/CaMKII_g[0]/CaMKII_thr286_bind_CaM,resolved,True
eCaMCaMKII+CaMKIIp,Km,SignalsHL7,CaMKII,/model[0]/kinetics[0]/CaMKII_g[0]/tot_CaM_CaMKII[0]/CaM_act_305,resolved,True
eCaMCaMKII+CaMKIIp,kcat,SignalsHL7,CaMKII,/model[0]/kinetics[0]/CaMKII_g[0]/tot_CaM_CaMKII[0]/CaM_act_305,resolved,True
eCaMCaMKII+CaMCaMKII,Km,SignalsHL7,CaMKII,/model[0]/kinetics[0]/CaMKII_g[0]/tot_CaM_CaMKII[0]/CaM_act_286,resolved,True
eCaMCaMKII+CaMCaMKII,kcat,SignalsHL7,CaMKII,/model[0]/kinetics[0]/CaMKII_g[0]/tot_CaM_CaMKII[0]/CaM_act_286,resolved,True
eCaMKIIp+CaMKII_CaM,Km,SignalsHL7,CaMKII,/model[0]/kinetics[0]/CaMKII_g[0]/tot_autonomous_CaMKII[0]/auton_286,resolved,True
eCaMKIIp+CaMKII_CaM,kcat,SignalsHL7,CaMKII,/model[0]/kinetics[0]/CaMKII_g[0]/tot_autonomous_CaMKII[0]/auton_286,resolved,True
eCaMKIIp+CaMKIIp,Km,SignalsHL7,CaMKII,/model[0]/kinetics[0]/CaMKII_g[0]/tot_autonomous_CaMKII[0]/auton_305,resolved,True
eCaMKIIp+CaMKIIp,kcat,SignalsHL7,CaMKII,/model[0]/kinetics[0]/CaMKII_g[0]/tot_autonomous_CaMKII[0]/auton_305,resolved,True
ePP1+CaMKIIp_CaM,Km,SignalsHL7,CaMKII,/model[0]/kinetics[0]/PP1_g[0]/PP1_active[0]/Deph_thr286,resolved,True
ePP1+CaMKIIp_CaM,kcat,SignalsHL7,CaMKII,/model[0]/kinetics[0]/PP1_g[0]/PP1_active[0]/Deph_thr286,resolved,True
ePP1+CaMKIIppp,Km,SignalsHL7,CaMKII,/model[0]/kinetics[0]/PP1_g[0]/PP1_active[0]/Deph_thr305,resolved,True
ePP1+CaMKIIppp,kcat,SignalsHL7,CaMKII,/model[0]/kinetics[0]/PP1_g[0]/PP1_active[0]/Deph_thr305,resolved,True
ePP1+CaMKIIpp,Km,SignalsHL7,CaMKII,/model[0]/kinetics[0]/PP1_g[0]/PP1_active[0]/Deph_thr306,resolved,True
ePP1+CaMKIIpp,kcat,SignalsHL7,CaMKII,/model[0]/kinetics[0]/PP1_g[0]/PP1_active[0]/Deph_thr306,resolved,True
ePP1+CaMKIIp,Km,SignalsHL7,CaMKII,/model[0]/kinetics[0]/PP1_g[0]/PP1_active[0]/Deph_thr286b,resolved,True
ePP1+CaMKIIp,kcat,SignalsHL7,CaMKII,/model[0]/kinetics[0]/PP1_g[0]/PP1_active[0]/Deph_thr286b,resolved,True
ePP1+CaMKIIpppc,Km,SignalsHL7,CaMKII,/model[0]/kinetics[0]/PP1_g[0]/PP1_active[0]/Deph_thr286c,resolved,True
ePP1+CaMKIIpppc,kcat,SignalsHL7,CaMKII,/model[0]/kinetics[0]/PP1_g[0]/PP1_active[0]/Deph_thr286c,resolved,True
bg+GEF,Kd,SignalsHL8,Receptors_Ras,/model[0]/kinetics[0]/Ras_g[0]/bg_act_GEF,resolved,True
bg+GEF,tau,SignalsHL8,Receptors_Ras,/model[0]/kinetics[0]/Ras_g[0]/bg_act_GEF,resolved,True
GEF_deph,Kf,SignalsHL8,Receptors_Ras,/model[0]/kinetics[0]/Ras_g[0]/dephosph_GEF,resolved,True
GAP_deph,Kf,SignalsHL8,Receptors_Ras,/model[0]/kinetics[0]/Ras_g[0]/dephosph_GAP,resolved,True
CaMCa4+GEF,Kd,SignalsHL8,Receptors_Ras,/model[0]/kinetics[0]/Ras_g[0]/CaM_bind_GEF,resolved,True
CaMCa4+GEF,tau,SignalsHL8,Receptors_Ras,/model[0]/kinetics[0]/Ras_g[0]/CaM_bind_GEF,resolved,True
Ras_inact_GEFp,Kf,SignalsHL8,Receptors_Ras,/model[0]/kinetics[0]/Ras_g[0]/dephosph_inact_GEF_p,resolved,True
eGbg+Ras,Km,SignalsHL8,Receptors_Ras,/model[0]/kinetics[0]/Ras_g[0]/GEF_Gprot_bg[0]/GEF_bg_act_Ras,resolved,True
eGbg+Ras,kcat,SignalsHL8,Receptors_Ras,/model[0]/kinetics[0]/Ras_g[0]/GEF_Gprot_bg[0]/GEF_bg_act_Ras,resolved,True
ebGEF+Ras,Km,SignalsHL8,Receptors_Ras,/model[0]/kinetics[0]/Ras_g[0]/inact_GEF[0]/basal_GEF_activity,resolved,True
ebGEF+Ras,kcat,SignalsHL8,Receptors_Ras,/model[0]/kinetics[0]/Ras_g[0]/inact_GEF[0]/basal_GEF_activity,resolved,True
eGEF+RasGDP,Km,SignalsHL8,Receptors_Ras,/model[0]/kinetics[0]/Ras_g[0]/GEF_p[0]/GEF_p_act_Ras,resolved,False
eGEF+RasGDP,kcat,SignalsHL8,Receptors_Ras,/model[0]/kinetics[0]/Ras_g[0]/GEF_p[0]/GEF_p_act_Ras,resolved,False
eCaMGEF+Ras,Km,SignalsHL8,Receptors_Ras,/model[0]/kinetics[0]/Ras_g[0]/CaM_GEF[0]/CaM_GEF_act_Ras,resolved,True
eCaMGEF+Ras,kcat,SignalsHL8,Receptors_Ras,/model[0]/kinetics[0]/Ras_g[0]/CaM_GEF[0]/CaM_GEF_act_Ras,resolved,True
ePKC+GAP,Km,SignalsHL8,Receptors_Ras,/model[0]/kinetics[0]/PKC_g[0]/PKC_active[0]/PKC_inact_GAP,resolved,True
ePKC+GAP,kcat,SignalsHL8,Receptors_Ras,/model[0]/kinetics[0]/PKC_g[0]/PKC_active[0]/PKC_inact_GAP,resolved,True
ePKC+GEF,Km,SignalsHL8,Receptors_Ras,/model[0]/kinetics[0]/PKC_g[0]/PKC_active[0]/PKC_act_GEF,resolved,True
ePKC+GEF,kcat,SignalsHL8,Receptors_Ras,/model[0]/kinetics[0]/PKC_g[0]/PKC_active[0]/PKC_act_GEF,resolved,True
SHCp_Grb2+Gab1,Kd,SignalsHL8,Receptors_Ras,/model[0]/kinetics[0]/Sos_g[0]/bind_Gab1,resolved,True
SHCp_Grb2+Gab1,tau,SignalsHL8,Receptors_Ras,/model[0]/kinetics[0]/Sos_g[0]/bind_Gab1,resolved,True
ePKA+GEF,Km,SignalsHL8,Receptors_Ras,/model[0]/kinetics[0]/PKA_g[0]/PKA_active[0]/PKA_phosph_GEF,resolved,True
ePKA+GEF,kcat,SignalsHL8,Receptors_Ras,/model[0]/kinetics[0]/PKA_g[0]/PKA_active[0]/PKA_phosph_GEF,resolved,True
eSHCpSosGrb2+Ras,Km,SignalsHL8,Receptors_Ras,/model[0]/kinetics[0]/Sos_g[0]/SHCp_SosGrb2[0]/Sos_Ras_GEF,resolved,True
eSHCpSosGrb2+Ras,kcat,SignalsHL8,Receptors_Ras,/model[0]/kinetics[0]/Sos_g[0]/SHCp_SosGrb2[0]/Sos_Ras_GEF,resolved,True
Ca+CaN,tau,SignalsHL8,Receptors_Ras,/model[0]/kinetics[0]/PP2B_g[0]/Ca_bind_CaNAB,resolved,True
CaMCa4+CaN,tau,SignalsHL8,Receptors_Ras,/model[0]/kinetics[0]/PP2B_g[0]/CaMCa4_bind_CaNAB,resolved,True
CaMCa3+CaN,Kd,SignalsHL8,Receptors_Ras,/model[0]/kinetics[0]/PP2B_g[0]/CaMCa3_bind_CaNAB,resolved,True
CaMCa3+CaN,tau,SignalsHL8,Receptors_Ras,/model[0]/kinetics[0]/PP2B_g[0]/CaMCa3_bind_CaNAB,resolved,True
CaMCa2+CaN,Kd,SignalsHL8,Receptors_Ras,/model[0]/kinetics[0]/PP2B_g[0]/CaMCa2_bind_CaNAB,resolved,True
CaMCa2+CaN,tau,SignalsHL8,Receptors_Ras,/model[0]/kinetics[0]/PP2B_g[0]/CaMCa2_bind_CaNAB,resolved,True
Ca+CaNCa2,Kd,SignalsHL8,Receptors_Ras,/model[0]/kinetics[0]/PP2B_g[0]/Ca_bind_CaNAB_Ca2,resolved,True
Ca+CaNCa2,tau,SignalsHL8,Receptors_Ras,/model[0]/kinetics[0]/PP2B_g[0]/Ca_bind_CaNAB_Ca2,resolved,True
esynGAP+RasGTP,Km,SignalsHL8,Receptors_Ras,/model[0]/kinetics[0]/synGAP_g[0]/synGAP[0]/synGAP_GTPtoGDP,resolved,True
esynGAP+RasGTP,kcat,SignalsHL8,Receptors_Ras,/model[0]/kinetics[0]/synGAP_g[0]/synGAP[0]/synGAP_GTPtoGDP,resolved,True
ebPI3K+PIP2,Km,SignalsHL9,Receptors_PI3K,/model[0]/kinetics[0]/PI3K_g[0]/PI3K_basal[0]/bPI3K_phos_PIP2,resolved,True
ebPI3K+PIP2,kcat,SignalsHL9,Receptors_PI3K,/model[0]/kinetics[0]/PI3K_g[0]/PI3K_basal[0]/bPI3K_phos_PIP2,resolved,True
PI3K+RasGTP,Kd,SignalsHL9,Receptors_PI3K,/model[0]/kinetics[0]/PI3K_g[0]/PI3K_bind_Ras_GTP,resolved,False
PI3K+RasGTP,tau,SignalsHL9,Receptors_PI3K,/model[0]/kinetics[0]/PI3K_g[0]/PI3K_bind_Ras_GTP,resolved,False
eSHCpGrb2Gab1PI3K+PIP2,Km,SignalsHL9,Receptors_PI3K,/model[0]/kinetics[0]/PI3K_g[0]/SHCp_Grb2_Gab1_PI3K_clx[0]/SHCpGrb2Gab1PI3K_phos_PIP2,resolved,True
eSHCpGrb2Gab1PI3K+PIP2,kcat,SignalsHL9,Receptors_PI3K,/model[0]/kinetics[0]/PI3K_g[0]/SHCp_Grb2_Gab1_PI3K_clx[0]/SHCpGrb2Gab1PI3K_phos_PIP2,resolved,True
ePTEN+PIP3,Km,SignalsHL9,Receptors_PI3K,/model[0]/kinetics[0]/PI3K_g[0]/PTEN[0]/PIP3_dephosp,resolved,True
ePTEN+PIP3,kcat,SignalsHL9,Receptors_PI3K,/model[0]/kinetics[0]/PI3K_g[0]/PTEN[0]/PIP3_dephosp,resolved,True
ePI3K_Ras+PIP2,Km,SignalsHL9,Receptors_PI3K,/model[0]/kinetics[0]/PI3K_g[0]/Ras_GTP_PI3K[0]/PIP2_phospho_Ras_GTP,resolved,True
ePI3K_Ras+PIP2,kcat,SignalsHL9,Receptors_PI3K,/model[0]/kinetics[0]/PI3K_g[0]/Ras_GTP_PI3K[0]/PIP2_phospho_Ras_GTP,resolved,True
SHCpGrb2Gab1+PI3K,Kd,SignalsHL9,Receptors_PI3K,/model[0]/kinetics[0]/PI3K_g[0]/PI3K_act,resolved,False
SHCpGrb2Gab1+PI3K,tau,SignalsHL9,Receptors_PI3K,/model[0]/kinetics[0]/PI3K_g[0]/PI3K_act,resolved,False
Sosp_deph,Kf,SignalsHL9,Receptors_PI3K,/model[0]/kinetics[0]/Sos_g[0]/dephosph_Sos,resolved,True
SHC+SosGrb2,Kd,SignalsHL9,Receptors_PI3K,/model[0]/kinetics[0]/Sos_g[0]/SHC_bind_SosGrb2,resolved,True
SHC+SosGrb2,tau,SignalsHL9,Receptors_PI3K,/model[0]/kinetics[0]/Sos_g[0]/SHC_bind_SosGrb2,resolved,True
Sosp+Grb2,Kd,SignalsHL9,Receptors_PI3K,/model[0]/kinetics[0]/Sos_g[0]/Grb2_bind_Sosp,resolved,True
Sosp+Grb2,tau,SignalsHL9,Receptors_PI3K,/model[0]/kinetics[0]/Sos_g[0]/Grb2_bind_Sosp,resolved,True
Sos+Grb2,Kd,SignalsHL9,Receptors_PI3K,/model[0]/kinetics[0]/Sos_g[0]/Grb2_bind_Sos,resolved,True
Sos+Grb2,tau,SignalsHL9,Receptors_PI3K,/model[0]/kinetics[0]/Sos_g[0]/Grb2_bind_Sos,resolved,True
SHCp+Grb2,Kd,SignalsHL9,Receptors_PI3K,/model[0]/kinetics[0]/Sos_g[0]/Grb2_bind_SHC,resolved,True
SHCp+Grb2,tau,SignalsHL9,Receptors_PI3K,/model[0]/kinetics[0]/Sos_g[0]/Grb2_bind_SHC,resolved,True
ePI3K+AKT,Km,SignalsHL10,Receptors_AKT,/model[0]/kinetics[0]/AKT_g[0]/PIP3_PDK1[0]/phospho_thr308,resolved,True
ePI3K+AKT,kcat,SignalsHL10,Receptors_AKT,/model[0]/kinetics[0]/AKT_g[0]/PIP3_PDK1[0]/phospho_thr308,resolved,True
ePDK2+AKTp,Km,SignalsHL10,Receptors_AKT,/model[0]/kinetics[0]/AKT_g[0]/PIP3_PDK2[0]/phosp_AKTser473,resolved,True
ePDK2+AKTp,kcat,SignalsHL10,Receptors_AKT,/model[0]/kinetics[0]/AKT_g[0]/PIP3_PDK2[0]/phosp_AKTser473,resolved,True
ePP2A+AKTpq,Km,SignalsHL10,Receptors_AKT,/model[0]/kinetics[0]/Phosphatase_g[0]/PP2A[0]/Dephos_AKTser473,resolved,True
ePP2A+AKTpq,kcat,SignalsHL10,Receptors_AKT,/model[0]/kinetics[0]/Phosphatase_g[0]/PP2A[0]/Dephos_AKTser473,resolved,True
ePP2A+AKTp,Km,SignalsHL10,Receptors_AKT,/model[0]/kinetics[0]/Phosphatase_g[0]/PP2A[0]/Dephosph_AKTthr308,resolved,True
ePP2A+AKTp,kcat,SignalsHL10,Receptors_AKT,/model[0]/kinetics[0]/Phosphatase_g[0]/PP2A[0]/Dephosph_AKTthr308,resolved,True
PIP3+AKT,Kd,SignalsHL10,Receptors_AKT,/model[0]/kinetics[0]/AKT_g[0]/PIP3_bind_AKT,resolved,True
PIP3+AKT,tau,SignalsHL10,Receptors_AKT,/model[0]/kinetics[0]/AKT_g[0]/PIP3_bind_AKT,resolved,True
PIP3+PDK1,Kd,SignalsHL10,Receptors_AKT,/model[0]/kinetics[0]/AKT_g[0]/PIP3_bind_PDK1,resolved,True
PIP3+PDK1,tau,SignalsHL10,Receptors_AKT,/model[0]/kinetics[0]/AKT_g[0]/PIP3_bind_PDK1,resolved,True
PKC+Ca,Kd,SignalsHL10,PKC,/model[0]/kinetics[0]/PKC_g[0]/PKC_act_by_Ca,resolved,True
PKC+Ca,tau,SignalsHL10,PKC,/model[0]/kinetics[0]/PKC_g[0]/PKC_act_by_Ca,resolved,True
PKC_Ca+DAG,Kd,SignalsHL10,PKC,/model[0]/kinetics[0]/PKC_g[0]/PKC_act_by_DAG,resolved,True
PKC_Ca+DAG,tau,SignalsHL10,PKC,/model[0]/kinetics[0]/PKC_g[0]/PKC_act_by_DAG,resolved,True
PKC_Ca_to_memb,Kd,SignalsHL10,PKC,/model[0]/kinetics[0]/PKC_g[0]/PKC_Ca_to_memb,resolved,False
PKC_Ca_to_memb,tau,SignalsHL10,PKC,/model[0]/kinetics[0]/PKC_g[0]/PKC_Ca_to_memb,resolved,False
PKC_Ca_DAG_to_memb,Kd,SignalsHL10,PKC,/model[0]/kinetics[0]/PKC_g[0]/PKC_DAG_to_memb,resolved,False
PKC_Ca_DAG_to_memb,tau,SignalsHL10,PKC,/model[0]/kinetics[0]/PKC_g[0]/PKC_DAG_to_memb,resolved,False
bPKC_act,Kd,SignalsHL10,PKC,/model[0]/kinetics[0]/PKC_g[0]/PKC_basal_act,resolved,False
bPKC_act,tau,SignalsHL10,PKC,/model[0]/kinetics[0]/PKC_g[0]/PKC_basal_act,resolved,False
PKC+DAG,Kd,SignalsHL10,PKC,/model[0]/kinetics[0]/PKC_g[0]/PKC_n_DAG,resolved,True
PKC+DAG,tau,SignalsHL10,PKC,/model[0]/kinetics[0]/PKC_g[0]/PKC_n_DAG,resolved,True
PKC_Ca+AA,Kd,SignalsHL10,PKC,/model[0]/kinetics[0]/PKC_g[0]/PKC_act_by_Ca_AA,resolved,True
PKC_Ca+AA,tau,SignalsHL10,PKC,/model[0]/kinetics[0]/PKC_g[0]/PKC_act_by_Ca_AA,resolved,True
PKC_DAG_AA_act,Kd,SignalsHL10,PKC,/model[0]/kinetics[0]/PKC_g[0]/PKC_act_by_DAG_AA,resolved,True
PKC_DAG_AA_act,tau,SignalsHL10,PKC,/model[0]/kinetics[0]/PKC_g[0]/PKC_act_by_DAG_AA,resolved,True
PKC+AA,Kd,SignalsHL10,PKC,/model[0]/kinetics[0]/PKC_g[0]/PKC_act_by_AA,resolved,True
PKC+AA,tau,SignalsHL10,PKC,/model[0]/kinetics[0]/PKC_g[0]/PKC_act_by_AA,resolved,True
PKC_DAG+AA,Kd,SignalsHL10,PKC,/model[0]/kinetics[0]/PKC_g[0]/PKC_n_DAG_AA,resolved,True
PKC_DAG+AA,tau,SignalsHL10,PKC,/model[0]/kinetics[0]/PKC_g[0]/PKC_n_DAG_AA,resolved,True
eAKT+Raf,Km,SignalsHL11,Receptors_MAPK,/model[0]/kinetics[0]/AKT_g[0]/PIP3_AKT_t308_s473[0]/Raf_inhib,resolved,True
eAKT+Raf,kcat,SignalsHL11,Receptors_MAPK,/model[0]/kinetics[0]/AKT_g[0]/PIP3_AKT_t308_s473[0]/Raf_inhib,resolved,True
Ras+craf,Kd,SignalsHL11,Receptors_MAPK,/model[0]/kinetics[0]/Ras_g[0]/Ras_act_craf,resolved,True
Ras+craf,tau,SignalsHL11,Receptors_MAPK,/model[0]/kinetics[0]/Ras_g[0]/Ras_act_craf,resolved,True
ePP2A+RpT840barr2craf1p,Km,SignalsHL11,Receptors_MAPK,/model[0]/kinetics[0]/Phosphatase_g[0]/PP2A[0]/RpT840barr2craf1p_dephosph,resolved,True
ePP2A+RpT840barr2craf1p,kcat,SignalsHL11,Receptors_MAPK,/model[0]/kinetics[0]/Phosphatase_g[0]/PP2A[0]/RpT840barr2craf1p_dephosph,resolved,True
ePKC+craf,Km,SignalsHL11,Receptors_MAPK,/model[0]/kinetics[0]/PKC_g[0]/PKC_active[0]/PKC_act_raf,resolved,True
ePKC+craf,kcat,SignalsHL11,Receptors_MAPK,/model[0]/kinetics[0]/PKC_g[0]/PKC_active[0]/PKC_act_raf,resolved,True
ePKC+mGluRbarr2_craf,Km,SignalsHL11,Receptors_MAPK,/model[0]/kinetics[0]/PKC_g[0]/PKC_active[0]/mGluRbarr2_craf1_act,resolved,True
ePKC+mGluRbarr2_craf,kcat,SignalsHL11,Receptors_MAPK,/model[0]/kinetics[0]/PKC_g[0]/PKC_active[0]/mGluRbarr2_craf1_act,resolved,True
ePKC+b2ARp1barr2_craf,Km,SignalsHL11,Receptors_MAPK,/model[0]/kinetics[0]/PKC_g[0]/PKC_active[0]/b2ARp1barr2_craf1_act,resolved,False
ePKC+b2ARp1barr2_craf,kcat,SignalsHL11,Receptors_MAPK,/model[0]/kinetics[0]/PKC_g[0]/PKC_active[0]/b2ARp1barr2_craf1_act,resolved,False
ePP2A+b2ARp1barr2crafp,Km,SignalsHL11,Receptors_MAPK,/model[0]/kinetics[0]/Phosphatase_g[0]/PP2A[0]/b2ARp1barr2craf1p_dephosph,resolved,True
ePP2A+b2ARp1barr2crafp,kcat,SignalsHL11,Receptors_MAPK,/model[0]/kinetics[0]/Phosphatase_g[0]/PP2A[0]/b2ARp1barr2craf1p_dephosph,resolved,True
craf_deph,Km,SignalsHL11,Receptors_MAPK,/model[0]/kinetics[0]/Phosphatase_g[0]/PP2A[0]/craf_dephospho,resolved,True
craf_deph,kcat,SignalsHL11,Receptors_MAPK,/model[0]/kinetics[0]/Phosphatase_g[0]/PP2A[0]/craf_dephospho,resolved,True
crafpq_deph,Km,SignalsHL11,Receptors_MAPK,/model[0]/kinetics[0]/Phosphatase_g[0]/PP2A[0]/craf_p_p_dephospho,resolved,True
crafpq_deph,kcat,SignalsHL11,Receptors_MAPK,/model[0]/kinetics[0]/Phosphatase_g[0]/PP2A[0]/craf_p_p_dephospho,resolved,True
Raf1_deph,Km,SignalsHL11,Receptors_MAPK,/model[0]/kinetics[0]/Phosphatase_g[0]/PP2A[0]/deph_raf_ser259,resolved,True
Raf1_deph,kcat,SignalsHL11,Receptors_MAPK,/model[0]/kinetics[0]/Phosphatase_g[0]/PP2A[0]/deph_raf_ser259,resolved,True
eIntb2ARp1barr2craf+MEK,Km,SignalsHL11,Receptors_MAPK,/model[0]/kinetics[0]/MAPK_g[0]/Intb2ARp1barr2_craf1p[0]/b2ARp1barr2_phospho_MEK,resolved,True
eIntb2ARp1barr2craf+MEK,kcat,SignalsHL11,Receptors_MAPK,/model[0]/kinetics[0]/MAPK_g[0]/Intb2ARp1barr2_craf1p[0]/b2ARp1barr2_phospho_MEK,resolved,True
eIntb2ARp1barr2craf+MEKp,Km,SignalsHL11,Receptors_MAPK,/model[0]/kinetics[0]/MAPK_g[0]/Intb2ARp1barr2_craf1p[0]/b2ARp1barr2_phospho_MEKp,resolved,True
eIntb2ARp1barr2craf+MEKp,kcat,SignalsHL11,Receptors_MAPK,/model[0]/kinetics[0]/MAPK_g[0]/Intb2ARp1barr2_craf1p[0]/b2ARp1barr2_phospho_MEKp,resolved,True
ecraf1_mGluRbarr2+MEK,Km,SignalsHL11,Receptors_MAPK,/model[0]/kinetics[0]/MAPK_g[0]/IntmGluRpT840barr2_craf1p[0]/mGluRbarr2_phospho_MEK,resolved,True
ecraf1_mGluRbarr2+MEK,kcat,SignalsHL11,Receptors_MAPK,/model[0]/kinetics[0]/MAPK_g[0]/IntmGluRpT840barr2_craf1p[0]/mGluRbarr2_phospho_MEK,resolved,True
ecraf1_mGluRbarr2+MEKp,Km,SignalsHL11,Receptors_MAPK,/model[0]/kinetics[0]/MAPK_g[0]/IntmGluRpT840barr2_craf1p[0]/mGluRbarr2_phospho_MEKp,resolved,True
ecraf1_mGluRbarr2+MEKp,kcat,SignalsHL11,Receptors_MAPK,/model[0]/kinetics[0]/MAPK_g[0]/IntmGluRpT840barr2_craf1p[0]/mGluRbarr2_phospho_MEKp,resolved,True
eMKP1+MAPKp,Km,SignalsHL11,Receptors_MAPK,/model[0]/kinetics[0]/Phosphatase_g[0]/MKP_1[0]/MKP1_tyr_deph,resolved,True
eMKP1+MAPKp,kcat,SignalsHL11,Receptors_MAPK,/model[0]/kinetics[0]/Phosphatase_g[0]/MKP_1[0]/MKP1_tyr_deph,resolved,True
eMKP1+MAPKpq,Km,SignalsHL11,Receptors_MAPK,/model[0]/kinetics[0]/Phosphatase_g[0]/MKP_1[0]/MKP1_thr_deph,resolved,True
eMKP1+MAPKpq,kcat,SignalsHL11,Receptors_MAPK,/model[0]/kinetics[0]/Phosphatase_g[0]/MKP_1[0]/MKP1_thr_deph,resolved,True
mGluR_barr2+Raf,Kd,SignalsHL11,Receptors_MAPK,/model[0]/kinetics[0]/MAPK_g[0]/mGluR_barr2_Raf_scaffolding,resolved,True
mGluR_barr2+Raf,tau,SignalsHL11,Receptors_MAPK,/model[0]/kinetics[0]/MAPK_g[0]/mGluR_barr2_Raf_scaffolding,resolved,True
b2ARp1_barr2+Raf,Kd,SignalsHL11,Receptors_MAPK,/model[0]/kinetics[0]/MAPK_g[0]/b2ARp1_barr2_Raf_scaffolding,resolved,True
b2ARp1_barr2+Raf,tau,SignalsHL11,Receptors_MAPK,/model[0]/kinetics[0]/MAPK_g[0]/b2ARp1_barr2_Raf_scaffolding,resolved,True
b2ARp1barr2craf_dissoc,Kf,SignalsHL11,Receptors_MAPK,/model[0]/kinetics[0]/MAPK_g[0]/b2ARp1_barr2_craf_dissoc,resolved,True
mGluRpT840barr2craf_dissoc,Kf,SignalsHL11,Receptors_MAPK,/model[0]/kinetics[0]/MAPK_g[0]/mGluR_barr2_craf_dissoc,resolved,True
eRas+MAPKK,Km,SignalsHL11,Receptors_MAPK,/model[0]/kinetics[0]/MAPK_g[0]/Raf_p_GTP_Ras[0]/Raf_p_GTP_Ras_1,resolved,True
eRas+MAPKK,kcat,SignalsHL11,Receptors_MAPK,/model[0]/kinetics[0]/MAPK_g[0]/Raf_p_GTP_Ras[0]/Raf_p_GTP_Ras_1,resolved,True
eRas+MAPKKp,Km,SignalsHL11,Receptors_MAPK,/model[0]/kinetics[0]/MAPK_g[0]/Raf_p_GTP_Ras[0]/Raf_p_GTP_Ras_2,resolved,True
eRas+MAPKKp,kcat,SignalsHL11,Receptors_MAPK,/model[0]/kinetics[0]/MAPK_g[0]/Raf_p_GTP_Ras[0]/Raf_p_GTP_Ras_2,resolved,True
eMAPKK+MAPKp,Km,SignalsHL11,Receptors_MAPK,/model[0]/kinetics[0]/MAPK_g[0]/MAPKK_p_p[0]/MAPKKthr,resolved,True
eMAPKK+MAPKp,kcat,SignalsHL11,Receptors_MAPK,/model[0]/kinetics[0]/MAPK_g[0]/MAPKK_p_p[0]/MAPKKthr,resolved,True
eMAPKK+MAPK,Km,SignalsHL11,Receptors_MAPK,/model[0]/kinetics[0]/MAPK_g[0]/MAPKK_p_p[0]/MAPKKtyr,resolved,True
eMAPKK+MAPK,kcat,SignalsHL11,Receptors_MAPK,/model[0]/kinetics[0]/MAPK_g[0]/MAPKK_p_p[0]/MAPKKtyr,resolved,True
eMAPK+crafp,Km,SignalsHL11,Receptors_MAPK,/model[0]/kinetics[0]/MAPK_g[0]/MAPK_p_p[0]/MAPK_p_p_feedback,resolved,True
eMAPK+crafp,kcat,SignalsHL11,Receptors_MAPK,/model[0]/kinetics[0]/MAPK_g[0]/MAPK_p_p[0]/MAPK_p_p_feedback,resolved,True
ecraf+MAPKK,Km,SignalsHL11,Receptors_MAPK,/model[0]/kinetics[0]/MAPK_g[0]/craf_1_p[0]/MEK_phospho,resolved,True
ecraf+MAPKK,kcat,SignalsHL11,Receptors_MAPK,/model[0]/kinetics[0]/MAPK_g[0]/craf_1_p[0]/MEK_phospho,resolved,True
ecraf+MAPKKp,Km,SignalsHL11,Receptors_MAPK,/model[0]/kinetics[0]/MAPK_g[0]/craf_1_p[0]/MEKp_phospho,resolved,True
ecraf+MAPKKp,kcat,SignalsHL11,Receptors_MAPK,/model[0]/kinetics[0]/MAPK_g[0]/craf_1_p[0]/MEKp_phospho,resolved,True
ePP2A+MAPKKpq,Km,SignalsHL11,Receptors_MAPK,/model[0]/kinetics[0]/Phosphatase_g[0]/PP2A[0]/MAPKK_dephospho,resolved,True
ePP2A+MAPKKpq,kcat,SignalsHL11,Receptors_MAPK,/model[0]/kinetics[0]/Phosphatase_g[0]/PP2A[0]/MAPKK_dephospho,resolved,True
ePP2A+MAPKKp,Km,SignalsHL11,Receptors_MAPK,/model[0]/kinetics[0]/Phosphatase_g[0]/PP2A[0]/MAPKK_dephospho_ser,resolved,True
ePP2A+MAPKKp,kcat,SignalsHL11,Receptors_MAPK,/model[0]/kinetics[0]/Phosphatase_g[0]/PP2A[0]/MAPKK_dephospho_ser,resolved,True
ePKC+ng,Km,SignalsHL11,Receptors_MAPK,/model[0]/kinetics[0]/PKC_g[0]/PKC_active[0]/PKC_phosph_neurogranin,resolved,True
ePKC+ng,kcat,SignalsHL11,Receptors_MAPK,/model[0]/kinetics[0]/PKC_g[0]/PKC_active[0]/PKC_phosph_neurogranin,resolved,True
ePKC+ng_CaM,Km,SignalsHL11,Receptors_MAPK,/model[0]/kinetics[0]/PKC_g[0]/PKC_active[0]/PKC_phosph_ng_CaM,resolved,True
ePKC+ng_CaM,kcat,SignalsHL11,Receptors_MAPK,/model[0]/kinetics[0]/PKC_g[0]/PKC_active[0]/PKC_phosph_ng_CaM,resolved,True
ng+CaM,Kd,SignalsHL11,Receptors_MAPK,/model[0]/kinetics[0]/CaM_g[0]/neurogranin_bind_CaM,resolved,True
ng+CaM,tau,SignalsHL11,Receptors_MAPK,/model[0]/kinetics[0]/CaM_g[0]/neurogranin_bind_CaM,resolved,True
ngp_deph,Kf,SignalsHL11,Receptors_MAPK,/model[0]/kinetics[0]/CaM_g[0]/ngp_deph,resolved,True
eTSC1_2+RhebGTP,Km,SignalsHL12,TSC1_2,/model[0]/kinetics[0]/TSC1_TSC2_g[0]/TSC1_TSC2[0]/TSC_inact_Rheb,resolved,True
eTSC1_2+RhebGTP,kcat,SignalsHL12,TSC1_2,/model[0]/kinetics[0]/TSC1_TSC2_g[0]/TSC1_TSC2[0]/TSC_inact_Rheb,resolved,True
ebAKT+TSC1_2,Km,SignalsHL12,Receptors_mTOR_S6K,/model[0]/kinetics[0]/AKT_g[0]/AKT_basal[0]/TSC2_phospho_basal,resolved,True
ebAKT+TSC1_2,kcat,SignalsHL12,Receptors_mTOR_S6K,/model[0]/kinetics[0]/AKT_g[0]/AKT_basal[0]/TSC2_phospho_basal,resolved,True
eAKT+TSC1_2,Km,SignalsHL12,Receptors_mTOR_S6K,/model[0]/kinetics[0]/AKT_g[0]/PIP3_AKT_t308_s473[0]/TSC2_phospho,resolved,True
eAKT+TSC1_2,kcat,SignalsHL12,Receptors_mTOR_S6K,/model[0]/kinetics[0]/AKT_g[0]/PIP3_AKT_t308_s473[0]/TSC2_phospho,resolved,True
TSC1_2_deph,Kf,SignalsHL12,Receptors_mTOR_S6K,/model[0]/kinetics[0]/TSC1_TSC2_g[0]/TSC1_TSC2_dephospho,resolved,True
RhebGTP+mTOR,Kd,SignalsHL12,Receptors_mTOR_S6K,/model[0]/kinetics[0]/mTORC1_g[0]/Rheb_GTP_bind_TORclx,resolved,False
RhebGTP+mTOR,tau,SignalsHL12,Receptors_mTOR_S6K,/model[0]/kinetics[0]/mTORC1_g[0]/Rheb_GTP_bind_TORclx,resolved,False
Rheb_act,Kf,SignalsHL12,Receptors_mTOR_S6K,/model[0]/kinetics[0]/mTORC1_g[0]/GDP_to_GTP,resolved,True
ePDK1+S6K,Km,SignalsHL13,Receptors_S6K,/model[0]/kinetics[0]/AKT_g[0]/PDK1[0]/PDK1_act_S6K,resolved,True
ePDK1+S6K,kcat,SignalsHL13,Receptors_S6K,/model[0]/kinetics[0]/AKT_g[0]/PDK1[0]/PDK1_act_S6K,resolved,True
emTORC1+S6K,Km,SignalsHL13,Receptors_S6K,/model[0]/kinetics[0]/mTORC1_g[0]/TOR_Rheb_GTP_clx[0]/mTOR_act_S6K,resolved,True
emTORC1+S6K,kcat,SignalsHL13,Receptors_S6K,/model[0]/kinetics[0]/mTORC1_g[0]/TOR_Rheb_GTP_clx[0]/mTOR_act_S6K,resolved,True
bS6K_act,Kf,SignalsHL13,Receptors_S6K,/model[0]/kinetics[0]/S6K_g[0]/basal_S6K,resolved,True
ePP2A+S6Kpq,Km,SignalsHL13,Receptors_S6K,/model[0]/kinetics[0]/Phosphatase_g[0]/PP2A[0]/dephos_clus_S6K,resolved,True
ePP2A+S6Kpq,kcat,SignalsHL13,Receptors_S6K,/model[0]/kinetics[0]/Phosphatase_g[0]/PP2A[0]/dephos_clus_S6K,resolved,True
ePP2A+S6Kpqrs,Km,SignalsHL13,Receptors_S6K,/model[0]/kinetics[0]/Phosphatase_g[0]/PP2A[0]/dephosp_S6K,resolved,True
ePP2A+S6Kpqrs,kcat,SignalsHL13,Receptors_S6K,/model[0]/kinetics[0]/Phosphatase_g[0]/PP2A[0]/dephosp_S6K,resolved,True
ePP2A+S6Kpqr,Km,SignalsHL13,Receptors_S6K,/model[0]/kinetics[0]/Phosphatase_g[0]/PP2A[0]/dephos_S6K,resolved,True
ePP2A+S6Kpqr,kcat,SignalsHL13,Receptors_S6K,/model[0]/kinetics[0]/Phosphatase_g[0]/PP2A[0]/dephos_S6K,resolved,True
eMAPK+S6K,Km,SignalsHL13,Receptors_S6K,/model[0]/kinetics[0]/MAPK_g[0]/MAPK_p_p[0]/cluster_phospho_S6K,resolved,True
eMAPK+S6K,kcat,SignalsHL13,Receptors_S6K,/model[0]/kinetics[0]/MAPK_g[0]/MAPK_p_p[0]/cluster_phospho_S6K,resolved,True
eIF4E+4EBP,Kd,SignalsHL14,4EBP,/model[0]/kinetics[0]/_4EBP_g[0]/eIF4E_bind_BP2,resolved,True
eIF4E+4EBP,tau,SignalsHL14,4EBP,/model[0]/kinetics[0]/_4EBP_g[0]/eIF4E_bind_BP2,resolved,True
eIF4EBPpqr_dissoc,Kd,SignalsHL14,4EBP,/model[0]/kinetics[0]/_4EBP_g[0]/eIF4E_BP2_disso,resolved,False
eIF4EBPpq_dissoc,Kd,SignalsHL14,4EBP,/model[0]/kinetics[0]/_4EBP_g[0]/eIF4E_BP_disso,resolved,False
CaMCa4+CaMKIII,Kd,SignalsHL15,CaMKIII,/model[0]/kinetics[0]/CaMKIII_g[0]/CaMKIII_bind_CaM_Ca4,resolved,True
CaMCa4+CaMKIII,tau,SignalsHL15,CaMKIII,/model[0]/kinetics[0]/CaMKIII_g[0]/CaMKIII_bind_CaM_Ca4,resolved,True
eS6Kpqrs+CaMKIII,Km,SignalsHL15,CaMKIII,/model[0]/kinetics[0]/S6K_g[0]/S6K_thr_252[0]/S6Kp_act_CaMKIII,resolved,True
eS6Kpqrs+CaMKIII,kcat,SignalsHL15,CaMKIII,/model[0]/kinetics[0]/S6K_g[0]/S6K_thr_252[0]/S6Kp_act_CaMKIII,resolved,True
emTORC1+eIF4E_4EBP,Km,SignalsHL15,Receptors_eIF4E,/model[0]/kinetics[0]/mTORC1_g[0]/TOR_Rheb_GTP_clx[0]/TOR_4E_BP_phospho,resolved,True
emTORC1+eIF4E_4EBP,kcat,SignalsHL15,Receptors_eIF4E,/model[0]/kinetics[0]/mTORC1_g[0]/TOR_Rheb_GTP_clx[0]/TOR_4E_BP_phospho,resolved,True
emTORC1+4EBP,Km,SignalsHL15,Receptors_eIF4E,/model[0]/kinetics[0]/mTORC1_g[0]/TOR_Rheb_GTP_clx[0]/TOR_4E_BP_p,resolved,True
emTORC1+4EBP,kcat,SignalsHL15,Receptors_eIF4E,/model[0]/kinetics[0]/mTORC1_g[0]/TOR_Rheb_GTP_clx[0]/TOR_4E_BP_p,resolved,True
ePP2A+4EBPpqr,Km,SignalsHL15,Receptors_eIF4E,/model[0]/kinetics[0]/Phosphatase_g[0]/PP2A[0]/PP2A_4E_BP_p_p,resolved,True
ePP2A+4EBPpqr,kcat,SignalsHL15,Receptors_eIF4E,/model[0]/kinetics[0]/Phosphatase_g[0]/PP2A[0]/PP2A_4E_BP_p_p,resolved,True
ePP2A+4EBPpq,Km,SignalsHL15,Receptors_eIF4E,/model[0]/kinetics[0]/Phosphatase_g[0]/PP2A[0]/PP2A_4E_BP_p,resolved,True
ePP2A+4EBPpq,kcat,SignalsHL15,Receptors_eIF4E,/model[0]/kinetics[0]/Phosphatase_g[0]/PP2A[0]/PP2A_4E_BP_p,resolved,True
ePP2A+eIF4EBPpqr,Km,SignalsHL15,Receptors_eIF4E,/model[0]/kinetics[0]/Phosphatase_g[0]/PP2A[0]/PP2A_eIF4EBPpp,resolved,True
ePP2A+eIF4EBPpqr,kcat,SignalsHL15,Receptors_eIF4E,/model[0]/kinetics[0]/Phosphatase_g[0]/PP2A[0]/PP2A_eIF4EBPpp,resolved,True
ePP2A+eIF4EBPpq,Km,SignalsHL15,Receptors_eIF4E,/model[0]/kinetics[0]/Phosphatase_g[0]/PP2A[0]/PP2A_eIF4EBPp,resolved,True
ePP2A+eIF4EBPpq,kcat,SignalsHL15,Receptors_eIF4E,/model[0]/kinetics[0]/Phosphatase_g[0]/PP2A[0]/PP2A_eIF4EBPp,resolved,True
eIF4EBPpqr_dissoc,tau,SignalsHL15,Receptors_eIF4E,/model[0]/kinetics[0]/_4EBP_g[0]/eIF4E_BP2_disso,resolved,False
eIF4EBPpq_dissoc,tau,SignalsHL15,Receptors_eIF4E,/model[0]/kinetics[0]/_4EBP_g[0]/eIF4E_BP_disso,resolved,False
eMAPK+eIF4EBPpq,Km,SignalsHL15,Receptors_eIF4E,/model[0]/kinetics[0]/MAPK_g[0]/MAPK_p_p[0]/MAPK_4E_BP_phospho,resolved,True
eMAPK+eIF4EBPpq,kcat,SignalsHL15,Receptors_eIF4E,/model[0]/kinetics[0]/MAPK_g[0]/MAPK_p_p[0]/MAPK_4E_BP_phospho,resolved,True
eMAPK+4EBPpq,Km,SignalsHL15,Receptors_eIF4E,/model[0]/kinetics[0]/MAPK_g[0]/MAPK_p_p[0]/MAPK_4E_BP_p_p,resolved,True
eMAPK+4EBPpq,kcat,SignalsHL15,Receptors_eIF4E,/model[0]/kinetics[0]/MAPK_g[0]/MAPK_p_p[0]/MAPK_4E_BP_p_p,resolved,True
ebS6K+S6,Km,SignalsHL16,Receptors_S6,/model[0]/kinetics[0]/S6K_g[0]/S6K_basal[0]/S6K_act_bS6,resolved,True
ebS6K+S6,kcat,SignalsHL16,Receptors_S6,/model[0]/kinetics[0]/S6K_g[0]/S6K_basal[0]/S6K_act_bS6,resolved,True
eS6Kpqrs+40S,Km,SignalsHL16,Receptors_S6,/model[0]/kinetics[0]/S6K_g[0]/S6K_thr_252[0]/S6_phospho,resolved,True
eS6Kpqrs+40S,kcat,SignalsHL16,Receptors_S6,/model[0]/kinetics[0]/S6K_g[0]/S6K_thr_252[0]/S6_phospho,resolved,True
eS6Kpqr+40S,Km,SignalsHL16,Receptors_S6,/model[0]/kinetics[0]/S6K_g[0]/S6K_thr_412[0]/S6_phos,resolved,True
eS6Kpqr+40S,kcat,SignalsHL16,Receptors_S6,/model[0]/kinetics[0]/S6K_g[0]/S6K_thr_412[0]/S6_phos,resolved,True
S6_deph,Kf,SignalsHL16,Receptors_S6,/model[0]/kinetics[0]/_40S_g[0]/S6_dephosph,resolved,True
eIF4E+GA,Kd,SignalsHL17,TransInit,/model[0]/kinetics[0]/TransInit_g[0]/eIF4F_clx,resolved,False
eIF4E+GA,tau,SignalsHL17,TransInit,/model[0]/kinetics[0]/TransInit_g[0]/eIF4F_clx,resolved,False
eIF4F+mRNA,Kd,SignalsHL17,TransInit,/model[0]/kinetics[0]/TransInit_g[0]/eIF4F_mRNA_clx_formation,resolved,False
eIF4F+mRNA,tau,SignalsHL17,TransInit,/model[0]/kinetics[0]/TransInit_g[0]/eIF4F_mRNA_clx_formation,resolved,False
eIF4G+A,Kd,SignalsHL17,TransInit,/model[0]/kinetics[0]/TransInit_g[0]/eIF4G_A_clx_formation,resolved,False
eIF4G+A,tau,SignalsHL17,TransInit,/model[0]/kinetics[0]/TransInit_g[0]/eIF4G_A_clx_formation,resolved,False
Q+R,Kd,SignalsHL18,43S,/model[0]/kinetics[0]/_43S_g[0]/Q_binds_R,resolved,True
Q+R,tau,SignalsHL18,43S,/model[0]/kinetics[0]/_43S_g[0]/Q_binds_R,resolved,True
QR+M,Kd,SignalsHL18,43S,/model[0]/kinetics[0]/_43S_g[0]/QR_binds_M,resolved,True
QR+M,tau,SignalsHL18,43S,/model[0]/kinetics[0]/_43S_g[0]/QR_binds_M,resolved,True
R+M,Kd,SignalsHL18,43S,/model[0]/kinetics[0]/_43S_g[0]/R_binds_M,resolved,True
R+M,tau,SignalsHL18,43S,/model[0]/kinetics[0]/_43S_g[0]/R_binds_M,resolved,True
RM+Q,Kd,SignalsHL18,43S,/model[0]/kinetics[0]/_43S_g[0]/RM_binds_Q,resolved,True
RM+Q,tau,SignalsHL18,43S,/model[0]/kinetics[0]/_43S_g[0]/RM_binds_Q,resolved,True
ebCaMKIII+eEF2,Km,SignalsHL18,Receptors_eEF2,/model[0]/kinetics[0]/CaMKIII_g[0]/CaMKIII_basal[0]/beEF2_act,resolved,True
ebCaMKIII+eEF2,kcat,SignalsHL18,Receptors_eEF2,/model[0]/kinetics[0]/CaMKIII_g[0]/CaMKIII_basal[0]/beEF2_act,resolved,True
eCaMKIII+eEF2,Km,SignalsHL18,Receptors_eEF2,/model[0]/kinetics[0]/CaMKIII_g[0]/CaMKIII_CaM_Ca4[0]/eEF2_act,resolved,True
eCaMKIII+eEF2,kcat,SignalsHL18,Receptors_eEF2,/model[0]/kinetics[0]/CaMKIII_g[0]/CaMKIII_CaM_Ca4[0]/eEF2_act,resolved,True
ePP2A+eEF2p,Km,SignalsHL18,Receptors_eEF2,/model[0]/kinetics[0]/Phosphatase_g[0]/PP2A[0]/eEF2thr_56_dephospho,resolved,True
ePP2A+eEF2p,kcat,SignalsHL18,Receptors_eEF2,/model[0]/kinetics[0]/Phosphatase_g[0]/PP2A[0]/eEF2thr_56_dephospho,resolved,True
ebS6K+CaMKIII,Km,SignalsHL18,Receptors_eEF2,/model[0]/kinetics[0]/S6K_g[0]/S6K_basal[0]/bS6Kp_act_CaMKIII,resolved,True
ebS6K+CaMKIII,kcat,SignalsHL18,Receptors_eEF2,/model[0]/kinetics[0]/S6K_g[0]/S6K_basal[0]/bS6Kp_act_CaMKIII,resolved,True
CaMKIIIp_deph,Kf,SignalsHL18,Receptors_eEF2,/model[0]/kinetics[0]/CaMKIII_g[0]/CaMKIII_dephospho,resolved,True
FMRP+iTransl,Kd,SignalsHL19,Receptors_protein,/model[0]/kinetics[0]/FMRP_g[0]/FMRP_inhib_translation,resolved,False
FMRP+iTransl,tau,SignalsHL19,Receptors_protein,/model[0]/kinetics[0]/FMRP_g[0]/FMRP_inhib_translation,resolved,False
Degrade_FMRP,Kf,SignalsHL19,Receptors_protein,/model[0]/kinetics[0]/FMRP_g[0]/degrade_FMRP,resolved,True
pep_elongation,Kd,SignalsHL19,Receptors_protein,/model[0]/kinetics[0]/protein_g[0]/pep_elongation,resolved,False
pep_elongation,tau,SignalsHL19,Receptors_protein,/model[0]/kinetics[0]/protein_g[0]/pep_elongation,resolved,False
Degrade_protein,Kf,SignalsHL19,Receptors_protein,/model[0]/kinetics[0]/protein_g[0]/protein_deg,resolved,True
FMRP_synth,Kd,SignalsHL19,Receptors_protein,/model[0]/kinetics[0]/FMRP_g[0]/FMRP_synth,resolved,False
FMRP_synth,tau,SignalsHL19,Receptors_protein,/model[0]/kinetics[0]/FMRP_g[0]/FMRP_synth,resolved,False
eTrans+AA,Km,SignalsHL19,Receptors_protein,/model[0]/kinetics[0]/TransElong_g[0]/Translation_clx[0]/pro_syn,resolved,True
eTrans+AA,kcat,SignalsHL19,Receptors_protein,/model[0]/kinetics[0]/TransElong_g[0]/Translation_clx[0]/pro_syn,resolved,True
ebTrans+AA,Km,SignalsHL19,Receptors_protein,/model[0]/kinetics[0]/TransElong_g[0]/Basal_Translation[0]/basal_syn,resolved,True
ebTrans+AA,kcat,SignalsHL19,Receptors_protein,/model[0]/kinetics[0]/TransElong_g[0]/Basal_Translation[0]/basal_syn,resolved,True
eCKII+FMRP,Km,SignalsHL19,Receptors_protein,/model[0]/kinetics[0]/CaseinKinase_g[0]/CKII[0]/CKII_phosph_FMRP,resolved,True
eCKII+FMRP,kcat,SignalsHL19,Receptors_protein,/model[0]/kinetics[0]/CaseinKinase_g[0]/CKII[0]/CKII_phosph_FMRP,resolved,True
ePP2A+FMRPp,Km,SignalsHL19,Receptors_protein,/model[0]/kinetics[0]/Phosphatase_g[0]/PP2A[0]/dephos_FMRP,resolved,True
ePP2A+FMRPp,kcat,SignalsHL19,Receptors_protein,/model[0]/kinetics[0]/Phosphatase_g[0]/PP2A[0]/dephos_FMRP,resolved,True
elongation,Kd,SignalsHL19,Receptors_protein,/model[0]/kinetics[0]/TransElong_g[0]/elongation,resolved,False
elongation,tau,SignalsHL19,Receptors_protein,/model[0]/kinetics[0]/TransElong_g[0]/elongation,resolved,False
activation,Kd,SignalsHL19,Receptors_protein,/model[0]/kinetics[0]/TransElong_g[0]/activation,resolved,False
activation,tau,SignalsHL19,Receptors_protein,/model[0]/kinetics[0]/TransElong_g[0]/activation,resolved,False
